time,pnl,inventory
0.0,-9.437580592930317e-05,1.3e-05
0.0,-0.0019695480877999216,0.00027264
0.166527,-0.0011505852307891473,0.00028564
0.166527,-0.0012449663772713393,0.00029864
0.166527,-0.00474087284237612,0.00082088
0.166527,-0.008532432897482067,0.00134312
0.166527,-0.009956502835848369,0.00135612
0.166527,-0.012405504094203934,0.00187836
0.166527,-0.014359461652929895,0.00189136
0.166527,-0.016278575305477716,0.0024136
0.16921,-0.01744405312638264,0.00257413
0.16921,-0.018609530947287567,0.00273466
0.16921,-0.019775008782744408,0.0028951899999999997
0.16921,-0.020940486603649333,0.0030557199999999996
0.485847,0.0009968628000933677,0.0030687199999999996
0.485847,-0.011584889201913029,0.0030687199999999996
0.485847,-0.011679275674396195,0.0030817199999999996
0.485847,0.0008613845275249332,0.0030947199999999996
0.485847,-0.0017002104577841237,0.00415927
0.485847,-0.025793584834900685,0.00417227
0.485847,-0.009449364326428622,0.00523682
0.485847,-0.018289245519554242,0.00524982
0.485847,-0.01725182350492105,0.00631437
0.485847,-0.024981600901810452,0.00737892
0.485847,-0.03739878909254912,0.00739192
0.485847,-0.06780004757456481,0.00740492
0.807969,-0.018854383059078828,0.00774157
0.807969,0.022546029678778723,0.00775457
0.807969,0.022451627228292637,0.00776757
0.807969,-0.009489806907367893,0.00778057
0.807969,-0.021737805393058807,0.00811722
0.807969,0.05560597832663916,0.00881205
0.807969,-0.03628080946509726,0.009148700000000001
0.807969,-0.024847844601026736,0.009161700000000002
0.807969,0.05018368759192526,0.009174700000000003
0.807969,-0.025143249542452395,0.009187700000000004
0.807969,0.051489404184394516,0.009882530000000004
0.807969,0.04644340489176102,0.010577360000000004
0.807969,0.04139740561367944,0.011272190000000005
0.807969,0.033525186707265675,0.011285190000000006
0.807969,-0.01283849474566523,0.011298190000000007
0.807969,-0.012932897210703231,0.011311190000000007
0.807969,-0.07600535589153878,0.011647840000000008
0.807969,0.03408880269853398,0.011660840000000009
0.807969,-0.06162448243412655,0.01167384000000001
0.807969,0.03400659776525572,0.01168684000000001
1.024389,0.0435548217210453,0.01233536000000001
1.024389,0.038845100862090476,0.01298388000000001
1.024389,0.03413538000313565,0.01363240000000001
1.024389,0.029425659158732742,0.01428092000000001
1.971451,0.1849105161818443,0.01800160000000001
1.971451,0.08040681773854885,0.01801460000000001
1.971451,0.08031239928095601,0.018027600000000008
1.971451,0.15784717872156762,0.02174828000000001
1.971451,0.031612736274837516,0.021761280000000008
1.971451,-0.05770292485249229,0.021774280000000007
1.971451,0.13083714657113887,0.025494960000000007
1.971451,-0.01712803987902589,0.025507960000000007
1.971451,0.10379282756184693,0.029228640000000007
1.971451,-0.1856651215639431,0.029241640000000006
1.971451,-0.18575953469553497,0.029254640000000005
1.971451,-0.18585394781257492,0.029267640000000004
2.30983,0.15781649750715587,0.029540280000000006
2.30983,0.1558361144270748,0.029812920000000007
2.30983,0.1538557313469937,0.030085560000000008
2.30983,0.15187534826691262,0.03035820000000001
2.372005,0.15110299596562982,0.03046453000000001
2.372005,0.1503306436497951,0.030570860000000012
2.372005,0.14955829134851228,0.030677190000000014
2.372005,0.14878593904722948,0.030783520000000016
2.55912,0.14110339352919254,0.03167166000000002
2.55912,0.13465218880446628,0.03255980000000002
2.55912,0.12820098409429193,0.03344794000000002
2.55912,0.12174977936956566,0.034336080000000026
2.647202,0.11769977693620604,0.03410942000000003
2.647202,0.11605330010934267,0.03388276000000003
2.647202,0.11440682328247931,0.033656100000000036
2.647202,0.11276034645561595,0.03342944000000004
3.048022,0.10121250404336024,0.03506526000000004
3.048022,0.08933036723465193,0.036701080000000046
3.048022,0.0774482304113917,0.03833690000000005
3.048022,0.0655660936026834,0.03997272000000005
3.336643,0.025958995101973414,0.045425450000000055
3.336643,-0.013648103398736566,0.05087818000000006
3.336643,-0.05325520191399846,0.05633091000000006
3.336643,-0.09286230041470844,0.06178364000000006
3.35156,-0.09675013336527627,0.06231888000000006
3.35156,-0.1006379663158441,0.06285412000000007
3.35156,-0.10452579926641192,0.06338936000000008
3.35156,-0.10841363221697975,0.06392460000000008
3.781023,-0.11237432027701288,0.06446987000000008
3.781023,-0.11633500833704602,0.06501514000000008
3.781023,-0.12029569639707915,0.06556041000000008
3.781023,-0.12425638444256037,0.06610568000000008
4.191635,-0.12721584147948306,0.06651311000000008
4.191635,-0.12721584147948306,0.06651311000000008
4.191635,-0.13017529851640575,0.06692054000000008
4.191635,-0.13313475555332843,0.06732797000000008
4.345697,-0.13709544361336157,0.06787324000000008
4.345697,-0.1410561316588428,0.06841851000000009
4.345697,-0.14501681971887592,0.06896378000000009
4.345697,-0.14897750777890906,0.06950905000000009
4.359125,-0.14911609955015592,0.06952813000000009
4.359125,-0.14925469130685087,0.0695472100000001
4.359125,-0.14925469130685087,0.0695472100000001
4.359125,-0.14939328306354582,0.0695662900000001
6.31745,-0.1538991813577013,0.0706654800000001
6.31745,-0.16188339414657094,0.0717646700000001
6.31745,-0.16986760692088865,0.0728638600000001
6.31745,-0.17785181970975827,0.0739630500000001
7.011818,-0.236027864710195,0.08146305000000009
7.011818,-0.2905057572061196,0.0889630500000001
7.011818,-0.3449836497020442,0.0964630500000001
7.011818,-0.3449836497020442,0.0964630500000001
7.011818,-0.3813022446993273,0.10146305000000011
7.011818,-0.4357801371952519,0.10896305000000012
7.011818,-0.47209873220708687,0.11396305000000012
7.011818,-0.5338403437053785,0.12246305000000013
7.011818,-0.5701589387026615,0.12746305000000013
7.011818,-0.6319005502009531,0.13596305000000014
7.011818,-0.6936421616992448,0.14446305000000015
7.011818,-0.7299607566965278,0.14946305000000015
8.720221,-0.7317408656235784,0.14942375000000016
8.720221,-0.7320263440487906,0.14938445000000017
8.720221,-0.7323118224594509,0.14934515000000018
8.720221,-0.7325973008846631,0.14930585000000018
10.912695,-0.7330481588724069,0.14957347000000018
10.912695,-0.7349920753476908,0.14984109000000018
10.912695,-0.7369359918375267,0.15010871000000017
10.912695,-0.7388799083128106,0.15037633000000017
12.34044,-0.7899036564922426,0.15843591000000018
12.34044,-0.8484462211636128,0.1664954900000002
12.34044,-0.906988785834983,0.1745550700000002
12.34044,-0.9655313505209051,0.1826146500000002
12.355848,-0.9670480887289159,0.18282346000000022
12.355848,-0.9685648269369267,0.18303227000000022
12.355848,-0.9700815651303856,0.18324108000000022
12.355848,-0.9715983033383964,0.18344989000000023
12.786028,-0.9800429761235137,0.18253991000000022
12.786028,-0.986653150030179,0.18162993000000022
12.786028,-0.9932633239222923,0.1807199500000002
12.786028,-0.9998734978144057,0.1798099700000002
12.995194,-1.0058460574073251,0.1808797600000002
12.995194,-1.0136167166929226,0.18194955000000018
12.995194,-1.021387375993072,0.18301934000000017
12.995194,-1.0291580352786696,0.18408913000000016
13.210442,-1.0443313161376864,0.18326744000000014
13.210442,-1.0503001405013492,0.18244575000000013
13.210442,-1.056268964865012,0.18162406000000011
13.210442,-1.062237789214123,0.1808023700000001
13.673304,-1.0623004533117637,0.1813088200000001
13.673304,-1.0659791648213286,0.18181527000000008
13.673304,-1.0696578763163416,0.18232172000000008
13.673304,-1.0733365878113545,0.18282817000000007
13.690034,-1.1510429307963932,0.19352604000000007
13.690034,-1.2287492737814318,0.20422391000000006
13.690034,-1.3064556167519186,0.21492178000000006
13.690034,-1.3841619597369572,0.22561965000000006
13.932538,-1.3897585171216633,0.22547040000000007
13.932538,-1.3908426815178245,0.22532115000000008
13.932538,-1.3919268458994338,0.2251719000000001
13.932538,-1.393011010295595,0.2250226500000001
13.975388,-1.3934100263868459,0.2249677200000001
13.975388,-1.3938090424635448,0.22491279000000008
13.975388,-1.3942080585402437,0.22485786000000008
13.975388,-1.3946070746314945,0.22480293000000007
15.363464,-1.385717303288402,0.22481702000000006
15.363464,-1.3909514951810706,0.22584712000000007
15.363464,-1.393312312240596,0.22586121000000006
15.363464,-1.3985360622464214,0.22689131000000007
15.363464,-1.4060184243426193,0.22792141000000007
15.363464,-1.4083999842987396,0.22793550000000007
15.363464,-1.413602991393418,0.22896560000000007
15.363464,-1.4159949932509335,0.22897969000000007
16.772502,-1.4236367353005335,0.22908602000000006
16.772502,-1.4244090866413899,0.22919235000000004
16.772502,-1.4251814379822463,0.22929868000000003
16.772502,-1.4259537893231027,0.22940501000000002
17.697363,-1.4297417466586921,0.22992650000000003
17.697363,-1.4335297039942816,0.23044799000000005
17.697363,-1.4335297039942816,0.23044799000000005
17.697363,-1.437317661329871,0.23096948000000006
17.989605,-1.4379777881986229,0.23106036000000005
17.989605,-1.4386379150673747,0.23115124000000004
17.989605,-1.4392980419506785,0.23124212000000002
17.989605,-1.4399581688048784,0.231333
18.072041,-1.4422895323805278,0.23165396000000002
18.072041,-1.4446208959561773,0.23197492000000003
18.072041,-1.4469522595172748,0.23229588000000004
18.072041,-1.4492836230929242,0.23261684000000005
18.874112,-1.4842911216401262,0.23743634000000005
18.874112,-1.6515972807828803,0.26079634000000007
18.874112,-1.6892127427272499,0.26561584000000005
18.874112,-1.6257428641110891,0.27662426000000007
18.874112,-1.6381358274375089,0.30651130000000004
18.874112,-1.9449168644205201,0.31751972000000006
18.874112,-2.2828828385827364,0.34087972000000005
18.874112,-2.088581398187671,0.34087972000000005
18.874112,-2.547880402082228,0.37876992000000004
18.874112,-2.2953006170137087,0.40865696
18.874112,-3.0772592025168706,0.44654716
18.874112,-2.7406356398569187,0.4764342
18.874112,-3.0742340089636855,0.47644719999999996
18.874112,-3.074328438087832,0.47646019999999994
18.874112,-3.331616946088616,0.47646019999999994
18.874112,-3.074422867197427,0.47647319999999993
18.874112,-3.385784821744892,0.4812926999999999
18.874112,-3.550652417296078,0.5046527
18.874112,-3.1268384040304227,0.5345397399999999
18.874112,-3.97538439638447,0.55789974
18.874112,-4.015970892331097,0.56271924
18.874112,-3.7920651777094463,0.57372766
18.874112,-4.3541529628273565,0.61161786
18.874112,-4.1283067077893065,0.62262628
19.203877,-4.279481767734978,0.62286648
19.203877,-4.281226520484779,0.62310668
19.203877,-4.28297127323458,0.62334688
19.203877,-4.28471602598438,0.6235870800000001
21.028906,-4.495084830428823,0.6276522900000001
21.028906,-4.524613381683594,0.6317175000000002
21.028906,-4.554141932923812,0.6357827100000002
21.028906,-4.583670484164031,0.6398479200000002
21.234459,-4.583686609621509,0.6398501400000003
21.234459,-4.583702735078987,0.6398523600000003
21.234459,-4.5837188605364645,0.6398545800000004
21.234459,-4.583734985993942,0.6398568000000004
22.170471,-4.588026682904456,0.6404476400000004
22.170471,-4.592318379829521,0.6410384800000004
22.170471,-4.596610076740035,0.6416293200000004
22.170471,-4.6009017736651,0.6422201600000004
23.19755,-4.614081559237093,0.6431504800000004
23.19755,-4.620839143230114,0.6440808000000005
23.19755,-4.6275967272231355,0.6450111200000005
23.19755,-4.634354311201605,0.6459414400000005
23.509704,-4.656237572955433,0.6498433900000006
23.509704,-4.684580249100691,0.6537453400000006
23.509704,-4.7129229252605,0.6576472900000007
23.509704,-4.719598402647534,0.6576609200000006
23.509704,-4.719697407155763,0.6576745500000006
23.509704,-4.719796411663992,0.6576881800000006
23.509704,-4.719895416157669,0.6577018100000006
23.509704,-4.7416610742220655,0.6616037600000007
26.139824,-4.758595361956395,0.6610941000000007
26.139824,-4.775098384532612,0.6597323200000007
26.139824,-4.77220327386749,0.6592226600000007
26.139824,-4.775905486414558,0.6587130000000008
26.139824,-4.792384697997477,0.6573512200000008
26.139824,-4.802276779577369,0.6559894400000008
26.139824,-4.799419097718783,0.6554797800000008
26.139824,-4.8059738955053035,0.6554797800000008
26.147881,-3.1221829973801505,0.6555888300000009
26.147881,-3.1229751338541973,0.655697880000001
26.147881,-3.123767270328244,0.655806930000001
26.147881,-3.124559406787739,0.6559159800000011
27.101335,-4.814258720492944,0.655365980000001
27.101335,-4.818253965611802,0.654815980000001
27.101335,-4.822249210701557,0.6542659800000009
27.101335,-4.826244455820415,0.6537159800000009
27.109789,-4.826945657652686,0.6536194500000009
27.109789,-5.7136247129237745,0.5315559800000009
27.109789,-5.714325914770598,0.5314594500000009
27.109789,-6.601004970041686,0.40939598000000094
27.109789,-7.487684025327326,0.28733251000000093
27.109789,-7.488385227159597,0.28723598000000095
27.109789,-8.375064282445237,0.16517251000000094
27.109789,-8.375765484277508,0.16507598000000093
27.112421,-8.52659367331944,0.15408409000000092
27.112421,-8.460396426336956,0.15407598000000092
27.112421,-8.460455338048632,0.1540678700000009
27.112421,-8.606550039781723,0.1430759800000009
27.112421,-8.686395557422657,0.1320840900000009
27.112421,-8.6296583104413,0.1320759800000009
27.112421,-8.629717222152976,0.1320678700000009
27.112421,-8.686506406258559,0.1320678700000009
27.115357,-8.686506406258559,0.1320678700000009
27.115357,-8.686627352508367,0.13205122000000089
27.115357,-8.686748298758175,0.13203457000000088
27.115357,-8.686869245007983,0.13201792000000087
29.880755,-9.717736754420912,0.14271579000000087
29.880755,-9.795434881423716,0.15341366000000087
29.880755,-9.873133008426521,0.16411153000000087
29.880755,-9.950831135429326,0.17480940000000086
29.963238,-9.974661585772992,0.17393521000000087
29.963238,-9.981011096126167,0.17306102000000087
29.963238,-9.965435604332015,0.17306102000000087
29.963238,-9.967081907525426,0.17283436000000088
29.963238,-9.988986510274117,0.17196017000000088
29.963238,-9.973510094976518,0.17196017000000088
29.963238,-9.99533602061274,0.1710859800000009
29.963238,-9.981584585621022,0.1708593200000009
31.763644,-9.99534912945819,0.1708725100000009
31.763644,-9.995444927699282,0.1708857000000009
31.763644,-10.003118881693808,0.17194229000000089
31.763644,-10.010792835702887,0.17299888000000088
31.763644,-10.018466789711965,0.17405547000000088
31.763644,-10.018562587938504,0.17406866000000087
31.763644,-10.018658386179595,0.17408185000000087
31.763644,-10.026332340174122,0.17513844000000087
32.147217,-10.026425087984535,0.17515121000000086
32.147217,-10.026517835780396,0.17516398000000086
32.147217,-9.777784984180471,0.17516398000000086
32.147217,-9.855447710171575,0.18585678000000086
32.147217,-9.855447710171575,0.18585678000000086
32.147217,-10.11945708557323,0.18586955000000085
32.147217,-9.93318505055504,0.19656235000000086
32.147217,-10.212396335351514,0.19657512000000085
33.543242,-10.192851767948014,0.19655957000000085
33.543242,-10.192964712536195,0.19654402000000085
33.543242,-10.193455858097877,0.19647640000000086
33.543242,-10.19394700365956,0.19640878000000087
33.543242,-10.194059948233189,0.19639323000000086
33.543242,-10.194551093794871,0.19632561000000087
33.543242,-10.194664038397605,0.19631006000000087
33.543242,-10.195155183959287,0.19624244000000088
34.59329,-10.24717112914368,0.19124244000000087
34.59329,-10.258984539686935,0.18961599000000087
34.59329,-10.259097484158701,0.18960044000000087
34.59329,-10.270910894701956,0.18797399000000087
34.59329,-10.30722744470404,0.18297399000000086
34.59329,-10.307340389175806,0.18295844000000086
34.59329,-10.319153799704509,0.18133199000000086
34.59329,-10.391786899723229,0.17133199000000085
34.59329,-10.571057744600694,0.14735794000000085
34.59329,-10.602899719320703,0.14297399000000086
34.59329,-10.671243599630543,0.13297399000000085
34.59329,-10.675232819325174,0.13297399000000085
34.59329,-10.8493637045176,0.10899994000000085
34.59329,-11.023494589695474,0.08502589000000085
34.59329,-11.055336564415484,0.08064194000000086
34.59329,-11.22946744960791,0.05666789000000086
34.59329,-11.239580823443248,0.05504144000000086
34.59329,-11.275897373445332,0.05004144000000086
34.59329,-11.3485304734495,0.04004144000000086
34.59329,-11.348643417921267,0.040025890000000855
34.59329,-11.34984419461398,0.040025890000000855
34.59329,-11.384959967908799,0.03502589000000086
34.59329,-11.385072912380565,0.035010340000000854
34.59329,-11.457706012384733,0.025010340000000852
35.363517,-11.452051979722455,0.024996800000000853
35.363517,-11.457124219101388,0.024332880000000855
35.363517,-11.456979235823383,0.024319340000000855
35.363517,-11.456979235823383,0.024319340000000855
35.363517,-11.457222429220565,0.024319340000000855
35.363517,-11.45707758134813,0.024305800000000856
35.363517,-11.462142910721013,0.023641880000000857
35.363517,-11.466965182102285,0.02297796000000086
36.470342,-11.498744076132425,0.018539440000000858
36.470342,-11.509453684237087,0.017039440000000856
36.470342,-11.587193071682123,0.006993280000000856
36.470342,-11.59612995578209,0.005493280000000857
36.470342,-11.596241230072337,0.0054779600000008566
36.470342,-11.596352504362585,0.0054626400000008565
36.470342,-11.628645583987236,0.0010241200000008568
36.470342,-11.664952017788892,-0.003975879999999143
36.470342,-11.701268692777376,-0.008975879999999143
36.470342,-11.701379967067624,-0.008991199999999143
36.470342,-11.71227496956999,-0.010491199999999142
36.470342,-11.748591644558473,-0.015491199999999143
36.470342,-11.78490831956151,-0.020491199999999144
36.470342,-11.816941860786756,-0.024929719999999142
36.470342,-11.828086160487146,-0.026429719999999143
36.470342,-11.860060316510499,-0.030868239999999145
36.470342,-11.860480273200665,-0.030883559999999144
36.470342,-11.924801220651716,-0.04092971999999914
36.470342,-11.9977695648995,-0.05097587999999914
36.470342,-12.070737909147283,-0.06102203999999914
37.915733,-12.090579318144592,-0.06089473999999914
37.915733,-12.091503894742345,-0.060767439999999145
37.915733,-12.0924284713401,-0.06064013999999915
37.915733,-12.093353047937853,-0.06051283999999915
38.484258,-12.092772395757493,-0.06050946999999915
38.484258,-12.092772395757493,-0.06050946999999915
38.484258,-12.092772395757493,-0.06050946999999915
38.484258,-12.092796871977043,-0.06050609999999915
39.536263,-12.1692137485079,-0.06023150999999915
39.536263,-12.171208122032112,-0.05995691999999915
39.536263,-12.173202495556325,-0.05968232999999915
39.536263,-12.175196869080537,-0.059407739999999154
40.026885,-12.106776786022238,-0.05909448999999915
40.026885,-12.109051913575968,-0.05878123999999915
40.026885,-12.111327041129698,-0.05846798999999915
40.026885,-12.113602168668876,-0.05815473999999915
40.334571,-12.116120242790203,-0.05780803999999915
40.334571,-12.118638316911529,-0.05746133999999915
40.334571,-12.121156391032855,-0.057114639999999155
40.334571,-12.123674465154181,-0.056767939999999156
40.994327,-12.126252749352716,-0.05641294999999916
40.994327,-12.12883103355125,-0.05605795999999916
40.994327,-12.131409317764337,-0.05570296999999916
40.994327,-12.133987601962872,-0.05534797999999916
40.996754,-12.134442772730836,-0.05528530999999916
40.996754,-12.1348979434988,-0.05522263999999916
40.996754,-12.135353114266763,-0.055159969999999156
40.996754,-12.13580828504928,-0.055097299999999155
41.013541,-12.145970860350644,-0.053698069999999154
41.013541,-12.15613343565201,-0.05229883999999915
41.013541,-12.166296010953374,-0.05089960999999915
41.013541,-12.17645858625474,-0.04950037999999915
42.853556,-12.178945066436427,-0.04915802999999915
42.853556,-12.181431546618114,-0.048815679999999154
42.853556,-12.183918026799802,-0.048473329999999155
42.853556,-12.186404506996041,-0.04813097999999916
45.469401,-12.190289328122162,-0.047596099999999156
45.469401,-12.194174149248283,-0.047061219999999154
45.469401,-12.198058970388956,-0.04652633999999915
45.469401,-12.201943791515077,-0.04599145999999915
46.554143,-12.202340785835986,-0.04593679999999915
46.554143,-12.202737780156895,-0.045882139999999155
46.554143,-12.203134774463251,-0.04582747999999916
46.554143,-12.20353176878416,-0.04577281999999916
46.66152,-12.203171877772547,-0.04578628999999916
46.66152,-12.20326971495524,-0.04579975999999916
46.66152,-12.20326971495524,-0.04579975999999916
46.66152,-12.203870756333345,-0.04588250999999916
46.66152,-12.203968593516038,-0.04589597999999916
46.66152,-12.204569634894142,-0.04597872999999916
46.66152,-12.204569634894142,-0.04597872999999916
46.66152,-12.204667472091387,-0.045992199999999164
46.820403,-12.221054666879354,-0.04379925999999917
46.820403,-12.236981939669931,-0.04160631999999917
46.820403,-12.252909212445957,-0.03941337999999917
46.820403,-12.268836485236534,-0.037220439999999175
47.283073,-12.268494278439903,-0.03722456999999917
47.283073,-12.268494278439903,-0.03722456999999917
47.283073,-12.26852427603444,-0.03722869999999917
47.283073,-12.268554273628979,-0.03723282999999917
47.38821,-12.269078033074038,-0.03730493999999917
47.38821,-12.269601792519097,-0.03737704999999917
47.38821,-12.270125551964156,-0.03744915999999917
47.38821,-12.270649311409215,-0.03752126999999917
48.052793,-12.271041967571364,-0.03757532999999917
48.052793,-12.271434623733512,-0.03762938999999917
48.052793,-12.27182727989566,-0.037683449999999175
48.052793,-12.272219936057809,-0.037737509999999176
49.435069,-12.27663450955879,-0.03718164999999918
49.435069,-12.280671707951115,-0.03662578999999918
49.435069,-12.28470890634344,-0.03606992999999918
49.435069,-12.288746104750317,-0.03551406999999918
50.176851,-12.288963776169112,-0.035484099999999186
50.176851,-12.289181447587907,-0.03545412999999919
50.176851,-12.289399119006703,-0.03542415999999919
50.176851,-12.289616790425498,-0.035394189999999194
50.883879,-12.318176534507074,-0.039374959999999196
50.883879,-12.34709022048628,-0.0433557299999992
50.883879,-12.376003906465485,-0.0473364999999992
50.883879,-12.40491759244469,-0.0513172699999992
52.185591,-12.412812564449268,-0.0503009099999992
52.185591,-12.420194363759947,-0.0492845499999992
52.185591,-12.427576163056074,-0.0482681899999992
52.185591,-12.434957962366752,-0.0472518299999992
52.4286,-12.434739660980995,-0.0472868299999992
52.4286,-12.434993877875968,-0.0473218299999992
52.4286,-12.435248094785493,-0.0473568299999992
52.4286,-12.435248094785493,-0.0473568299999992
52.465614,-12.461449088616064,-0.0438145599999992
52.465614,-12.487176514143357,-0.0402722899999992
52.465614,-12.512903939685202,-0.0367300199999992
52.465614,-12.538631365212495,-0.0331877499999992
53.45618,-12.545457474159775,-0.0322478999999992
53.45618,-12.552283583092503,-0.0313080499999992
53.45618,-12.559109692039783,-0.0303681999999992
53.45618,-12.565935800972511,-0.0294283499999992
54.169527,-12.565935800972511,-0.0294283499999992
54.169527,-12.565954539459199,-0.029425769999999202
54.169527,-12.565973277931334,-0.029423189999999204
54.169527,-12.56599201640347,-0.029420609999999205
54.337604,-12.567575272769318,-0.029202619999999204
54.337604,-12.569158529120614,-0.028984629999999203
54.337604,-12.57074178547191,-0.0287666399999992
54.337604,-12.572325041837757,-0.0285486499999992
55.469865,-12.572415829039528,-0.028536149999999202
55.469865,-12.572506616241299,-0.028523649999999203
55.469865,-12.572597403457621,-0.028511149999999204
55.469865,-12.572688190659392,-0.028498649999999206
55.970455,-12.58027262701944,-0.027454389999999204
55.970455,-12.587857063379488,-0.026410129999999206
55.970455,-12.595441499754088,-0.025365869999999208
55.970455,-12.603025936114136,-0.02432160999999921
56.817868,-12.610989572509425,-0.02322513999999921
56.817868,-12.618953208904713,-0.022128669999999212
56.817868,-12.626916845300002,-0.021032199999999213
56.817868,-12.63488048169529,-0.019935729999999215
57.005653,-12.636623596175923,-0.019695729999999214
57.005653,-12.638366710656555,-0.019455729999999213
57.005653,-12.640109825137188,-0.019215729999999213
57.005653,-12.640109825137188,-0.019215729999999213
57.073471,-12.64279712663847,-0.018845729999999214
57.073471,-12.6454844281252,-0.018475729999999215
57.073471,-12.648171729626483,-0.018105729999999216
57.073471,-12.650859031113214,-0.017735729999999218
57.49581,-12.728563733660849,-0.0070369899999992176
57.49581,-12.806268436208484,0.0036617500000007824
57.49581,-12.883973138756119,0.014360490000000782
57.49581,-12.961677841318306,0.025059230000000782
57.542917,-12.973812460142653,0.02672998000000078
57.542917,-12.98594707895245,0.02840073000000078
57.542917,-12.998081697776797,0.03007148000000078
57.542917,-13.010216316601145,0.03174223000000078
58.216181,-13.013631368390634,0.03221243000000078
58.216181,-13.01704642016557,0.032682630000000774
58.216181,-13.020461471940507,0.03315283000000077
58.216181,-13.023876523729996,0.03362303000000077
58.802642,-13.024668115584063,0.03373202000000077
58.802642,-13.02545970743813,0.033841010000000775
58.802642,-13.02625129930675,0.03395000000000078
58.802642,-13.027042891160818,0.03405899000000078
58.905776,-13.027590922050877,0.034030430000000784
58.905776,-13.030163016010192,0.033676310000000785
58.905776,-13.032735109969508,0.033322190000000786
58.905776,-13.03294255095534,0.03329363000000079
58.905776,-13.033149991941173,0.03326507000000079
58.905776,-13.035722085900488,0.03291095000000079
58.905776,-13.038294179859804,0.03255683000000079
58.905776,-13.038501620845636,0.032528270000000796
59.047901,-13.049832036267617,0.034133080000000794
59.047901,-13.06148773439054,0.03573789000000079
59.047901,-13.073143432528013,0.03734270000000079
59.047901,-13.084799130650936,0.03894751000000079
59.575296,-13.086382387002232,0.03916550000000079
59.575296,-13.087965643353527,0.03938349000000079
59.575296,-13.089548899719375,0.03960148000000079
59.575296,-13.091132156070671,0.039819470000000794
60.546472,-13.212677196555887,0.023140250000000792
60.546472,-13.33382404234726,0.006461030000000791
60.546472,-13.454970888138632,-0.010218189999999211
60.546472,-13.576117733930005,-0.026897409999999213
60.808163,-13.585487871881924,-0.025644319999999214
60.808163,-13.594589035725221,-0.024391229999999216
60.808163,-13.60369019958307,-0.023138139999999217
60.808163,-13.612791363426368,-0.02188504999999922
60.878085,-13.613582955294987,-0.02177605999999922
60.878085,-13.614374547149055,-0.02166706999999922
60.878085,-13.615166139003122,-0.02155807999999922
60.878085,-13.615957730871742,-0.02144908999999922
61.117436,-13.617900359327905,-0.02118161999999922
61.117436,-13.619842987784068,-0.020914149999999222
61.117436,-13.621785616240231,-0.020646679999999223
61.117436,-13.623728244696395,-0.020379209999999225
61.577882,-13.630349465049221,-0.019467569999999226
61.577882,-13.636970685402048,-0.018555929999999228
61.577882,-13.643591905769426,-0.01764428999999923
61.577882,-13.650213126122253,-0.01673264999999923
61.792836,-13.650589130440494,-0.016680879999999232
61.792836,-13.650965134773287,-0.016629109999999232
61.792836,-13.651341139091528,-0.016577339999999233
61.792836,-13.651717143424321,-0.016525569999999233
61.818964,-13.655602400336647,-0.015990629999999232
61.818964,-13.659487657248974,-0.015455689999999233
61.818964,-13.663372914175852,-0.014920749999999233
61.818964,-13.667258171088179,-0.014385809999999234
61.890478,-13.679132339559146,-0.012750919999999234
61.890478,-13.691006508030114,-0.011116029999999234
61.890478,-13.702880676515633,-0.009481139999999234
61.890478,-13.7147548449866,-0.007846249999999234
62.005906,-13.716697473442764,-0.007578779999999234
62.005906,-13.718640101898927,-0.007311309999999235
62.005906,-13.72058273035509,-0.007043839999999235
62.005906,-13.722525358811254,-0.006776369999999235
62.086524,-13.730441495339619,-0.005686439999999235
62.086524,-13.730441495339619,-0.005686439999999235
62.086524,-13.738357631867984,-0.004596509999999235
62.086524,-13.738357631867984,-0.004596509999999235
62.196895,-13.738733636186225,-0.004544739999999235
62.196895,-13.739109640519018,-0.004492969999999236
62.196895,-13.73948564483726,-0.004441199999999236
62.196895,-13.739861649170052,-0.0043894299999992364
62.215148,-13.741459504104569,-0.004169429999999237
62.215148,-13.743057359039085,-0.003949429999999237
62.215148,-13.744655213988153,-0.003729429999999237
62.215148,-13.74625306892267,-0.0035094299999992367
62.372344,-13.749908405035967,-0.004017519999999237
62.372344,-13.750013287659385,-0.004031959999999237
62.372344,-13.753703718073666,-0.004540049999999237
62.372344,-13.757394148487947,-0.005048139999999237
62.372344,-13.76108457891678,-0.005556229999999237
62.372344,-13.761189461540198,-0.005570669999999237
62.372344,-13.761294344163616,-0.0055851099999992375
62.372344,-13.761399226787034,-0.005599549999999238
62.459128,-13.763038478646195,-0.005381559999999237
62.459128,-13.764621735012042,-0.005163569999999237
62.459128,-13.766204991363338,-0.0049455799999992365
62.459128,-13.767788247714634,-0.004727589999999236
62.544946,-13.770119518085266,-0.004406609999999236
62.544946,-13.772450788441347,-0.004085629999999236
62.544946,-13.774782058797427,-0.0037646499999992354
62.544946,-13.777113329153508,-0.0034436699999992352
62.952787,-13.777172667672858,-0.003435499999999235
62.952787,-13.777232006192207,-0.003427329999999235
62.952787,-13.777291344697005,-0.003419159999999235
62.952787,-13.777350683216355,-0.003410989999999235
63.251891,-13.777590942481766,-0.003377909999999235
63.251891,-13.777831201761728,-0.003344829999999235
63.251891,-13.778071461027139,-0.003311749999999235
63.251891,-13.778311720307101,-0.003278669999999235
63.425069,-13.78802478997386,-0.001941329999999235
63.425069,-13.79773785964062,-0.000603989999999235
63.425069,-13.807450929307379,0.000733350000000765
63.425069,-13.817163998974138,0.002070690000000765
63.501583,-13.821049255886464,0.0026056300000007653
63.501583,-13.82493451279879,0.0031405700000007655
63.501583,-13.828819769711117,0.0036755100000007658
63.501583,-13.832705026637996,0.004210450000000766
63.50981,-13.836572852407699,0.004742990000000766
63.50981,-13.840440678191953,0.0052755300000007655
63.50981,-13.844308503961656,0.005808070000000765
63.50981,-13.84817632973136,0.006340610000000765
63.542374,-13.848552334064152,0.006392380000000765
63.542374,-13.848928338382393,0.006444150000000764
63.542374,-13.849304342715186,0.006495920000000764
63.542374,-13.849680347033427,0.006547690000000763
63.614575,-13.853565603960305,0.007082630000000764
63.614575,-13.857450860872632,0.007617570000000764
63.614575,-13.861336117784958,0.008152510000000763
63.614575,-13.865221374697285,0.008687450000000763
63.689827,-13.869179406654439,0.009232410000000763
63.689827,-13.873137438611593,0.009777370000000764
63.689827,-13.877095470554195,0.010322330000000764
63.689827,-13.88105350251135,0.010867290000000765
63.771247,-13.884938759423676,0.011402230000000764
63.771247,-13.888824016336002,0.011937170000000764
63.771247,-13.892709273248329,0.012472110000000763
63.771247,-13.896594530175207,0.013007050000000762
64.315891,-13.89853715863137,0.013274520000000763
64.315891,-13.900479787087534,0.013541990000000764
64.315891,-13.902422415543697,0.013809460000000764
64.315891,-13.90436504399986,0.014076930000000765
64.508447,-13.904444210449583,0.014087830000000764
64.508447,-13.904523376884754,0.014098730000000764
64.508447,-13.904602543334477,0.014109630000000763
64.508447,-13.9046817097842,0.014120530000000762
65.07411,-13.983843002366484,0.02501982000000076
65.07411,-14.06300429496332,0.03591911000000076
65.07411,-14.142165587560157,0.04681840000000076
65.07411,-14.221326880142442,0.05771769000000076
65.107258,-14.222464407605003,0.05787431000000076
65.107258,-14.223601935053011,0.058030930000000765
65.107258,-14.224739462515572,0.05818755000000077
65.107258,-14.22587698996358,0.05834417000000077
65.220325,-14.305390101158991,0.06929190000000077
65.220325,-14.384903212354402,0.08023963000000077
65.220325,-14.332259969378356,0.08624868000000077
65.220325,-14.47690748538298,0.09725801000000077
65.220325,-14.447608290909557,0.10326706000000077
65.220325,-14.491252603926114,0.10927611000000077
65.220325,-14.65317069242883,0.12028544000000077
65.220325,-14.786812251622905,0.13123317000000076
65.220325,-14.672976760659367,0.13724222000000075
65.220325,-15.222375464072684,0.19228908000000075
65.220325,-15.622180147693143,0.24733594000000075
65.220325,-16.021984831328155,0.30238280000000073
65.220325,-16.134760050510522,0.3133305300000007
65.220325,-16.073722318018554,0.3243398600000007
65.220325,-16.153683324024314,0.3353491900000007
65.220325,-16.66750673223578,0.39039605000000066
65.89041,-16.24593313508376,0.39094101000000064
65.89041,-16.24989123243722,0.3914859700000006
65.89041,-16.25384932977613,0.3920309300000006
65.89041,-16.25780742711504,0.3925758900000006
65.965819,-16.26572369443602,0.3936658200000006
65.965819,-16.273639961742447,0.3947557500000006
65.965819,-16.281556229048874,0.39584568000000064
65.965819,-16.281556229048874,0.39584568000000064
66.177169,-16.2830814794288,0.39605568000000063
66.177169,-16.284606729794177,0.3962656800000006
66.177169,-16.286131980159553,0.3964756800000006
66.177169,-16.28765723053948,0.3966856800000006
66.656677,-16.288033241056837,0.3967374500000006
66.656677,-16.288409251588746,0.3967892200000006
66.656677,-16.288785262120655,0.3968409900000006
66.656677,-16.28916127263801,0.3968927600000006
66.740433,-16.290665387394256,0.39709985000000064
66.740433,-16.2921695021505,0.39730694000000066
66.740433,-16.293673616892193,0.3975140300000007
66.740433,-16.29517773166299,0.3977211200000007
66.79191,-16.295573570445413,0.3977756200000007
66.79191,-16.295969409227837,0.39783012000000073
66.79191,-16.29636524801026,0.39788462000000074
66.79191,-16.296761086792685,0.39793912000000076
66.80841,-16.30639406471164,0.3971607600000008
66.80841,-16.312047651445027,0.3963824000000008
66.80841,-16.317701238178415,0.3956040400000008
66.80841,-16.32335482489725,0.39482568000000084
67.076291,-16.33883310102101,0.3975003700000008
67.076291,-16.35825963394018,0.4001750600000008
67.076291,-16.37768616685935,0.4028497500000008
67.076291,-16.397112699778518,0.40552444000000076
68.035008,-14.74265107116662,0.40551369000000076
68.035008,-14.74272915776237,0.40550294000000076
68.035008,-14.742807244358119,0.40549219000000075
68.035008,-14.742885330953868,0.40548144000000075
68.042311,-14.758622262976132,0.40820626000000076
68.042311,-14.778414009386324,0.4109310800000008
68.042311,-14.798205755811068,0.4136559000000008
68.042311,-14.81799750222126,0.4163807200000008
68.651429,-14.126899426308228,0.41639365000000084
68.651429,-14.122794543465716,0.41640178000000083
68.651429,-14.122853597131325,0.4164099100000008
68.651429,-14.122912650782382,0.4164180400000008
68.651429,-14.127170750463847,0.41643097000000084
68.651429,-14.127264669747092,0.41644390000000087
68.651429,-14.123159284412395,0.41645203000000086
68.651429,-14.127417723982944,0.4164649600000009
68.794609,-14.132225353561807,0.41580312000000086
68.794609,-14.137032983155223,0.41514128000000083
68.794609,-14.141840612748638,0.4144794400000008
68.794609,-14.146648242327501,0.4138176000000008
69.013852,-14.14666582128848,0.4138151800000008
69.013852,-14.14668340026401,0.4138127600000008
69.013852,-14.146700979224988,0.4138103400000008
69.013852,-14.146718558185967,0.4138079200000008
69.044891,-14.150717192096636,0.41325745000000075
69.044891,-14.154715825992753,0.4127069800000007
69.044891,-14.15871445988887,0.4121565100000007
69.044891,-14.162713093799539,0.4116060400000007
69.889211,-14.182869395735906,0.41494765000000067
69.889211,-14.207141758059151,0.41828926000000066
69.889211,-14.2314141204115,0.42163087000000066
69.889211,-14.255686482734745,0.42497248000000065
70.534187,-14.255687281751307,0.42497259000000065
70.534187,-14.255688080738764,0.42497270000000065
70.534187,-14.255688879740774,0.42497281000000064
70.534187,-14.255689678742783,0.42497292000000064
71.023689,-14.913702647943865,0.3349729200000007
71.023689,-15.567465887957951,0.24497292000000068
71.023689,-16.221229127957486,0.15497292000000068
71.023689,-16.87499236795702,0.06497292000000068
72.336043,-16.875081279766164,0.06496068000000069
72.336043,-16.875170191575307,0.06494844000000069
72.336043,-16.87525910338445,0.0649362000000007
72.336043,-16.875348015193595,0.0649239600000007
73.946013,-16.87735328488634,0.0652894100000007
73.946013,-16.880007794170524,0.0656548600000007
73.946013,-16.88266230346926,0.0660203100000007
73.946013,-16.885316812767996,0.06638576000000071
74.032001,-16.920287330591236,0.07120020000000071
74.032001,-16.955257848429028,0.07601464000000072
74.032001,-16.99022836626682,0.08082908000000072
74.032001,-17.02519888410461,0.08564352000000072
76.248779,-17.02767608713475,0.08598456000000072
76.248779,-17.03015329016489,0.08632560000000072
76.248779,-17.03263049319503,0.08666664000000072
76.248779,-17.03510769623972,0.08700768000000073
82.292303,-17.035498990298947,0.08706155000000072
82.292303,-17.035890284358175,0.08711542000000072
82.292303,-17.036281578431954,0.08716929000000072
82.292303,-17.03667287249118,0.08722316000000072
82.500299,-17.038615541838226,0.08749061000000072
82.500299,-17.04055821117072,0.08775806000000072
82.500299,-17.042500880517764,0.08802551000000072
82.500299,-17.044443549850257,0.08829296000000073
82.515365,-17.044839347392553,0.08834745000000073
82.515365,-17.04523514493485,0.08840194000000073
82.515365,-17.045630942462594,0.08845643000000074
82.515365,-17.04602674000489,0.08851092000000074
82.989594,-17.05379734474991,0.08958071000000074
82.989594,-17.06156794949493,0.09065050000000074
82.989594,-17.06933855423995,0.09172029000000075
82.989594,-17.077109158984968,0.09279008000000075
84.113872,-17.078692421782762,0.09300805000000074
84.113872,-17.080275684580556,0.09322602000000074
84.113872,-17.08185894737835,0.09344399000000074
84.113872,-17.083442210176145,0.09366196000000074
84.117616,-17.09456867420522,0.09225918000000073
84.117616,-17.10475851863157,0.09085640000000073
84.117616,-17.11494836305792,0.08945362000000072
84.117616,-17.11494836305792,0.08945362000000072
84.305755,-17.117541914471076,0.08909658000000072
84.305755,-17.120135465884232,0.08873954000000071
84.305755,-17.122729017297388,0.08838250000000071
84.305755,-17.125322568710544,0.08802546000000071
84.429243,-17.260427424902446,0.10674672000000071
84.429243,-17.396412535686977,0.1254679800000007
84.429243,-17.53239764647151,0.1441892400000007
84.429243,-17.53239764647151,0.1441892400000007
88.848118,-17.53344586712774,0.1443335500000007
88.848118,-17.53344586712774,0.1443335500000007
88.848118,-17.534494087769417,0.1444778600000007
88.848118,-17.535542308425647,0.14462217000000072
88.903077,-17.53826110123191,0.1449964700000007
88.903077,-17.540979894038173,0.1453707700000007
88.903077,-17.543698686844436,0.1457450700000007
88.903077,-17.54641747966525,0.1461193700000007
90.563958,-17.547175879750284,0.1462237800000007
90.563958,-17.54793427984987,0.1463281900000007
90.563958,-17.548692679949454,0.1464326000000007
90.563958,-17.54945108004904,0.1465370100000007
92.642228,-17.587526818097103,0.1517789500000007
92.642228,-17.625602556145168,0.1570208900000007
92.642228,-17.663678294193232,0.1622628300000007
92.642228,-17.701754032241297,0.1675047700000007
92.87105,-17.702149829783593,0.16755926000000068
92.87105,-17.702149829783593,0.16755926000000068
92.87105,-17.70254562732589,0.16761375000000067
92.87105,-17.702941424853634,0.16766824000000066
93.067499,-17.704900532989996,0.16762936000000067
93.067499,-17.70518295869988,0.16759048000000068
93.067499,-17.705465384424315,0.1675516000000007
93.067499,-17.760553291038377,0.1599679500000007
93.067499,-17.81564119765244,0.1523843000000007
93.067499,-17.870729104266502,0.1448006500000007
93.067499,-17.871011529990938,0.1447617700000007
93.067499,-17.926099436590448,0.1371781200000007
93.401165,-17.926320433616638,0.1373974000000007
93.401165,-17.92791321182449,0.13761668000000069
93.401165,-17.92950599003234,0.13783596000000067
93.401165,-17.931098768254742,0.13805524000000066
93.80894,-17.93402777175652,0.13845848000000066
93.80894,-17.93402777175652,0.13845848000000066
93.80894,-17.936956775258295,0.13886172000000066
93.80894,-17.939885778760072,0.13926496000000066
93.929583,-17.94327756371058,0.13898975000000066
93.929583,-17.945276699058013,0.13871454000000066
93.929583,-17.947275834390894,0.13843933000000067
93.929583,-17.949274969738326,0.13816412000000067
95.447015,-17.95547791061108,0.13920830000000067
95.447015,-17.963062492694007,0.14025248000000068
95.447015,-17.970647074776934,0.14129666000000068
95.447015,-17.97823165685986,0.1423408400000007
95.596634,-17.979491468300694,0.1425142800000007
95.596634,-17.980751279756078,0.14268772000000068
95.596634,-17.98201109119691,0.14286116000000068
95.596634,-17.983270902652293,0.14303460000000068
95.695338,-17.99085548473522,0.14407878000000068
95.695338,-17.998440066803596,0.1451229600000007
95.695338,-18.006024648886523,0.1461671400000007
95.695338,-18.01360923096945,0.1472113200000007
97.036644,-18.014670816774014,0.1473574700000007
97.036644,-18.01573240259313,0.14750362000000072
97.036644,-18.016793988412246,0.14764977000000074
97.036644,-18.01785557421681,0.14779592000000075
97.680939,-18.02477407747938,0.14874840000000075
97.680939,-18.02694744108885,0.14904761000000075
97.680939,-18.02912080468377,0.14934682000000074
97.680939,-18.03603930794634,0.15029930000000075
97.680939,-18.042957811194356,0.15125178000000075
97.680939,-18.045131174803828,0.15155099000000075
97.680939,-18.052049678051844,0.15250347000000075
97.680939,-18.054223041661317,0.15280268000000075
97.691496,-18.134123444659053,0.16380268000000076
97.691496,-18.21402384765679,0.17480268000000077
97.691496,-18.29392425066908,0.18580268000000077
97.691496,-18.373824653666816,0.19680268000000078
98.643015,-18.380960334761767,0.1980560000000008
98.643015,-18.390064042658196,0.1993093200000008
98.643015,-18.399167750554625,0.2005626400000008
98.643015,-18.408271458451054,0.2018159600000008
98.805347,-18.408667256037006,0.20187045000000078
98.805347,-18.40906305363751,0.20192494000000077
98.805347,-18.409458851238014,0.20197943000000076
98.805347,-18.409458851238014,0.20197943000000076
101.461049,-18.41341697247117,0.20252435000000077
101.461049,-18.417375093718874,0.20306927000000077
101.461049,-18.42133321496658,0.20361419000000078
101.461049,-18.425291336199734,0.20415911000000078
102.211851,-18.429176675432245,0.2046940100000008
102.211851,-18.433062014650204,0.2052289100000008
102.211851,-18.436947353882715,0.2057638100000008
102.211851,-18.440832693100674,0.2062987100000008
102.320037,-18.45107164060755,0.2077083200000008
102.320037,-18.46131058811443,0.2091179300000008
102.320037,-18.471549535621307,0.21052754000000082
102.320037,-18.481788483128184,0.21193715000000082
102.91336,-18.481788483128184,0.21193715000000082
102.91336,-18.514278461123467,0.21641009000000083
102.91336,-18.5467684391042,0.22088303000000084
102.91336,-18.57925841709948,0.22535597000000085
103.013099,-18.57934652545373,0.22536810000000085
103.013099,-18.57943463382253,0.22538023000000085
103.013099,-18.57952274219133,0.22539236000000085
103.013099,-18.57961085056013,0.22540449000000085
103.35887,-18.610693346417975,0.22968366000000084
103.35887,-18.64177584229037,0.23396283000000084
103.35887,-18.672858338148217,0.23824200000000084
103.35887,-18.703940834006062,0.24252117000000084
103.621889,-18.703940834006062,0.24252117000000084
103.621889,-18.71776789119758,0.24442476000000085
103.621889,-18.73159494837455,0.24632835000000086
103.621889,-18.74542200556607,0.24823194000000087
103.860902,-18.97099380362488,0.2792867200000009
103.860902,-19.196565601683687,0.3103415000000009
103.860902,-19.422137399757048,0.3413962800000009
103.860902,-19.64770919783041,0.3724510600000009
105.347447,-19.662329763930757,0.3709510600000009
105.347447,-19.67322581942426,0.3694510600000009
105.347447,-19.70238976573455,0.36543622000000087
105.347447,-19.731553712044843,0.36142138000000085
105.347447,-19.7424497675529,0.35992138000000085
105.347447,-19.77161371386319,0.3559065400000008
105.347447,-19.782509769356693,0.3544065400000008
105.347447,-19.811673715666984,0.3503917000000008
109.196449,-19.846848362038145,0.3455494000000008
109.196449,-19.882023008409305,0.34070710000000076
109.196449,-19.917197654780466,0.33586480000000074
109.196449,-19.952372301151627,0.3310225000000007
110.835968,-19.959569291080697,0.33003173000000074
110.835968,-19.966766281009768,0.32904096000000077
110.835968,-19.97396327095339,0.3280501900000008
110.835968,-19.98116026088246,0.3270594200000008
112.69278,-20.00519374461146,0.33081841000000084
112.69278,-20.03249782253988,0.33457740000000086
112.69278,-20.0598019004683,0.3383363900000009
112.69278,-20.08710597839672,0.3420953800000009
114.326446,-20.094525276086642,0.3415449500000009
114.326446,-20.09852361996309,0.3409945200000009
114.326446,-20.102521963854088,0.3404440900000009
114.326446,-20.106520307730534,0.33989366000000093
116.901434,-20.12208246573573,0.34250406000000094
116.901434,-20.14104356034659,0.34511446000000096
116.901434,-20.160004654942895,0.34772486000000097
116.901434,-20.178965749553754,0.350335260000001
117.011038,-20.179025892779464,0.350343540000001
117.011038,-20.179086035990622,0.35035182000000104
117.011038,-20.179146179216332,0.35036010000000106
117.011038,-20.17920632242749,0.3503683800000011
118.134575,-20.17973635272938,0.3504413500000011
118.134575,-20.180266383031267,0.3505143200000011
118.134575,-20.180796413333155,0.3505872900000011
118.134575,-20.18132644362049,0.3506602600000011
118.534813,-20.188911026736605,0.3517044400000011
118.534813,-20.196495609852718,0.3527486200000011
118.534813,-20.20408019295428,0.35379280000000113
118.534813,-20.211664776070393,0.35483698000000113
119.091669,-20.23944299503637,0.35150139000000113
119.091669,-20.263672844215762,0.34816580000000114
119.091669,-20.287902693395154,0.34483021000000114
119.091669,-20.312132542574545,0.34149462000000114
120.191408,-20.30910627557023,0.3415481300000011
120.191408,-20.309494954766706,0.3416016400000011
120.191408,-20.309883633977734,0.3416551500000011
120.191408,-20.309883633977734,0.3416551500000011
120.219761,-20.3102984623838,0.3417122600000011
120.219761,-20.310713290789863,0.3417693700000011
120.219761,-20.31112811921048,0.34182648000000115
120.219761,-20.311542947631096,0.3418835900000012
120.625954,-20.31156038044719,0.3418859900000012
120.625954,-20.311577813263284,0.3418883900000012
120.625954,-20.311595246079378,0.3418907900000012
120.625954,-20.311612678910024,0.34189319000000123
120.672756,-20.334366428258363,0.34502573000000125
120.672756,-20.357120177606703,0.34815827000000127
120.672756,-20.379873926955042,0.3512908100000013
120.672756,-20.40262767628883,0.3544233500000013
121.278474,-20.41039828209614,0.3554931400000013
121.278474,-20.418168887903448,0.35656293000000133
121.278474,-20.425939493710757,0.35763272000000135
121.278474,-20.433710099518066,0.35870251000000136
122.119442,-20.435689160134643,0.35897497000000134
122.119442,-20.43766822075122,0.3592474300000013
122.119442,-20.439647281367797,0.3595198900000013
122.119442,-20.441626341984374,0.35979235000000126
122.461369,-20.444001200186904,0.36011930000000125
122.461369,-20.446376058389433,0.36044625000000124
122.461369,-20.448750916606514,0.36077320000000124
122.461369,-20.451125774823595,0.36110015000000123
122.547878,-20.59298903250601,0.38063066000000123
122.547878,-20.614939201594098,0.38365257000000125
122.547878,-20.614939201594098,0.38365257000000125
122.547878,-20.636889370682184,0.38667448000000126
122.547878,-20.778752628379152,0.40620499000000126
122.547878,-20.80070279748179,0.4092269000000013
122.547878,-20.942566055164207,0.4287574100000013
122.547878,-21.084429312846623,0.4482879200000013
123.47511,-20.618304305156926,0.44830092000000127
123.47511,-17.83602960006101,0.44853136000000127
123.47511,-17.837703608180163,0.44876180000000127
123.47511,-19.031489974280703,0.44877281000000124
123.47511,-19.0315699523926,0.4487838200000012
123.47511,-18.78483328584116,0.4487968200000012
123.47511,-20.624994676938513,0.4488098200000012
123.47511,-19.031799794058315,0.44882083000000117
123.47511,-17.83961039435235,0.44905127000000117
123.47511,-18.787203008512734,0.44906427000000115
123.47511,-19.034188357007224,0.44906427000000115
123.47511,-20.628460944615654,0.44907727000000114
123.47511,-20.62855537372525,0.4490902700000011
123.47511,-17.841378805140266,0.4493207100000011
123.47511,-18.78953993768664,0.4493337100000011
123.47511,-18.78963437213679,0.4493467100000011
123.70943,-17.648372911149636,0.4493576100000011
123.70943,-17.64845209356281,0.44936851000000105
123.70943,-17.648531275990536,0.44937941000000103
123.70943,-17.64861045841826,0.449390310000001
123.845968,-17.65017783442454,0.449606070000001
123.845968,-17.651745210430818,0.44982183000000103
123.845968,-16.97024102866999,0.450128110000001
123.845968,-17.656003131880425,0.45034387000000103
123.845968,-16.973705449330737,0.450650150000001
123.845968,-16.975930449174484,0.450956430000001
123.845968,-17.662951598787913,0.451172190000001
123.845968,-16.979394869835232,0.451478470000001
124.045443,-16.980166805587942,0.45158473000000104
124.045443,-16.980938741355203,0.45169099000000107
124.045443,-16.981710677107912,0.4517972500000011
124.045443,-16.982482612860622,0.4519035100000011
124.299021,-16.346787716494873,0.45210848000000114
124.299021,-16.966270773875294,0.45212148000000113
124.299021,-16.966365213651443,0.4521344800000011
124.299021,-16.346940976043697,0.4521344800000011
124.299021,-16.348430028781877,0.45233945000000114
124.299021,-16.349919081520056,0.45254442000000117
124.299021,-16.969999376684427,0.45255742000000115
124.299021,-16.970093816460576,0.45257042000000114
124.362259,-16.35012951452518,0.45257829000000116
124.362259,-16.35018668799603,0.4525861600000012
124.362259,-16.35024386146688,0.4525940300000012
124.362259,-16.350301034923177,0.4526019000000012
124.736386,-15.975779201078694,0.4527585100000012
124.736386,-15.976916944229743,0.4529151200000012
124.736386,-15.97805468738079,0.4530717300000012
124.736386,-15.979192430531839,0.45322834000000123
124.799799,-15.979984150384553,0.4533373200000012
124.799799,-15.98077587026637,0.4534463000000012
124.799799,-15.981567590133636,0.45355528000000117
124.799799,-15.982359310000902,0.45366426000000115
125.27513,-16.343670746980933,0.5033986700000012
125.27513,-16.704982183975517,0.5531330800000012
125.27513,-17.0662936209701,0.6028674900000012
125.27513,-17.42760505795013,0.6526019000000012
125.498618,-16.198028014725423,0.6520732900000011
125.498618,-16.201868562493473,0.6515446800000011
125.498618,-16.205709110261523,0.6510160700000011
125.498618,-16.209549658029573,0.650487460000001
125.57887,-16.203139228542568,0.6505004600000011
125.57887,-14.26582075690385,0.6515572500000011
125.57887,-16.214071379508823,0.6515702500000011
125.57887,-16.214165824610973,0.6515832500000012
125.57887,-16.214260269727674,0.6515962500000012
125.57887,-14.27366538599017,0.6526530400000012
125.57887,-14.281343289781944,0.6537098300000013
125.57887,-14.289021193559165,0.6547666200000013
126.509996,-14.290604812529637,0.6549845900000013
126.509996,-14.290604812529637,0.6549845900000013
126.509996,-14.292188431485556,0.6552025600000013
126.509996,-14.29377205047058,0.6554205300000013
126.677255,-14.31653091525368,0.6585530700000013
126.677255,-14.33928978003678,0.6616856100000013
126.677255,-14.362048644834431,0.6648181500000012
126.677255,-14.384807509632083,0.6679506900000012
126.911483,-14.385183634571149,0.6680024600000012
126.911483,-14.385559759510215,0.6680542300000012
126.911483,-14.385935884449282,0.6681060000000012
126.911483,-14.386312009388348,0.6681577700000012
127.265817,-14.386312009388348,0.6681577700000012
127.265817,-14.388128336140653,0.6684077700000012
127.265817,-14.389944662892958,0.6686577700000012
127.265817,-14.391760989645263,0.6689077700000011
129.034587,-14.403167884855065,0.6682584400000011
129.034587,-14.407885702355998,0.6676091100000011
129.034587,-14.41260351985693,0.6669597800000011
129.034587,-14.41260351985693,0.6669597800000011
129.369257,-14.425364840310067,0.6696342600000011
129.369257,-14.444795758579858,0.6723087400000012
129.369257,-14.464226676820545,0.6749832200000012
129.369257,-14.483657595090335,0.6776577000000013
131.325089,-14.490833202668,0.6776027800000013
131.325089,-14.49123223326751,0.6775478600000013
131.325089,-14.49163126386702,0.6774929400000014
131.325089,-14.49163126386702,0.6774929400000014
132.988515,-14.492774429294514,0.6785827900000013
132.988515,-14.500692524132319,0.6796726400000013
132.988515,-14.508610618970124,0.6807624900000012
134.145241,-14.512093970406568,0.6812419400000013
134.145241,-14.515577321843011,0.6817213900000013
134.145241,-14.519060673279455,0.6822008400000014
134.85763,-13.761912191315787,0.6822138400000014
134.85763,-14.292139495169977,0.6932203500000014
134.85763,-13.83470851459424,0.6932333500000014
134.85763,-14.37220869504381,0.7042398600000014
134.85763,-13.907504837872693,0.7042528600000014
134.85763,-14.68922551246942,0.7042528600000014
134.85763,-14.689785812937771,0.7043299800000015
134.85763,-14.689785812937771,0.7043299800000015
134.85763,-14.452803491381928,0.7153364900000014
137.399978,-11.035990227857837,0.7156799000000015
137.399978,-11.038485386539833,0.7160233100000015
137.399978,-11.040980545221828,0.7163667200000016
137.399978,-11.055402335361578,0.7163797200000016
137.399978,-11.05549679111573,0.7163927200000016
137.399978,-11.055591246884433,0.7164057200000017
138.155487,-9.767707864259137,0.7166323800000017
138.155487,-9.17300470873306,0.7452480800000018
138.155487,-10.162468793540029,0.7686021900000017
138.155487,-10.332159990357468,0.7919563000000017
138.155487,-10.349646029717405,0.7921829600000018
138.155487,-9.670326224601013,0.8207986600000018
138.753331,-8.710043966580997,0.8207914800000018
138.753331,-8.710096140799578,0.8207843000000018
138.753331,-8.710148314989056,0.8207771200000018
140.500083,-8.710341897240141,0.8207504800000018
140.500083,-8.710535479476675,0.8207238400000019
142.021068,-6.823534729890525,0.8208152300000019
142.021068,-8.703296067687916,0.8208282300000019
142.021068,-6.824263503396651,0.820919620000002
142.021068,-6.824927585810656,0.821011010000002
142.021068,-8.70513725982164,0.821024010000002
142.021068,-6.825656359331333,0.821115400000002
142.027854,-7.523295704842894,0.822202930000002
142.027854,-7.53119811436045,0.823290460000002
142.027854,-7.539100523863453,0.8243779900000019
142.027854,-7.547002933381009,0.8254655200000018
142.027854,-7.5549053428840125,0.8265530500000018
142.027854,-7.562807752387016,0.8276405800000017
142.1706,-8.080109546601307,0.8509938400000018
142.1706,-8.249802297228598,0.8743471000000018
142.1706,-7.148124951214413,0.8743471000000018
142.1706,-7.433274995244574,0.9135890100000018
142.1706,-8.63513581364532,0.9193144200000019
142.1706,-8.79563542008691,0.9426676800000019
142.1706,-8.965328170685098,0.9660209400000019
142.1706,-8.033291830302915,1.005262850000002
142.1706,-8.318441874333075,1.0445047600000021
142.1706,-9.804210622562096,1.067858020000002
142.1706,-8.458709517348325,1.067858020000002
142.1706,-8.743859561378486,1.1070999300000022
142.1706,-10.191479248183896,1.112825340000002
142.1706,-10.233082023900351,1.118550750000002
142.1706,-9.09767261541856,1.1577926600000021
142.1706,-10.60967206931673,1.163518070000002
142.1706,-10.651274845033186,1.169243480000002
142.1706,-9.451485669444082,1.208485390000002
142.1706,-11.027864890464116,1.214210800000002
142.1706,-11.069467666151468,1.219936210000002
142.1706,-11.226961054693675,1.243289470000002
142.1706,-9.945566366499406,1.282531380000002
142.1706,-10.230716410529567,1.321773290000002
142.1706,-10.515866454545176,1.3610152000000022
142.1706,-12.40043835718825,1.3843684600000021
142.1706,-12.570131107830093,1.407721720000002
142.1706,-12.739823858457385,1.431074980000002
144.197171,-10.910027342877584,1.431347390000002
144.197171,-10.912006801692769,1.431619800000002
144.197171,-10.913986260507954,1.431892210000002
144.197171,-10.915965719337692,1.432164620000002
144.197171,-10.917945178167429,1.432437030000002
144.197171,-10.919924636968062,1.432709440000002
144.197171,-10.9219040957978,1.432981850000002
144.197171,-10.923883554612985,1.433254260000002
144.197171,-10.92586301342817,1.433526670000002
144.197171,-10.927842472243356,1.433799080000002
144.197171,-10.929821931073093,1.434071490000002
144.197171,-10.93180138990283,1.434343900000002
145.37413,-10.978898202884011,1.431810480000002
145.37413,-10.978898202884011,1.431810480000002
145.37413,-10.997308137855725,1.429277060000002
145.37413,-11.015718072856544,1.426743640000002
145.37413,-11.034128007857362,1.424210220000002
145.37413,-11.052537942829076,1.421676800000002
145.37413,-11.070947877829894,1.419143380000002
145.37413,-11.089357812830713,1.416609960000002
145.37413,-11.107767747816979,1.414076540000002
145.37413,-11.126177682803245,1.411543120000002
145.37413,-11.144587617804063,1.409009700000002
145.37413,-11.16299755279033,1.406476280000002
145.37413,-11.181407487791148,1.403942860000002
147.274948,-11.16282903017418,1.405250290000002
147.274948,-11.172329429726233,1.406557720000002
147.274948,-11.181829829292838,1.407865150000002
147.274948,-11.191330228873994,1.409172580000002
147.274948,-11.200830628440599,1.410480010000002
147.274948,-11.210331027992652,1.411787440000002
147.274948,-11.219831427559257,1.413094870000002
147.274948,-11.229331827140413,1.4144023000000019
147.274948,-11.238832226707018,1.4157097300000019
147.274948,-11.24833262625907,1.4170171600000019
147.274948,-11.257833025825676,1.4183245900000019
147.274948,-11.267333425406832,1.4196320200000019
147.632787,-11.267333425406832,1.4196320200000019
147.632787,-11.267864676949102,1.4197051300000019
147.632787,-11.268395928505925,1.4197782400000019
147.632787,-11.268927180048195,1.4198513500000018
147.632787,-11.269458431605017,1.4199244600000018
147.632787,-11.269989683147287,1.4199975700000018
147.632787,-11.270520934704109,1.4200706800000018
147.632787,-11.27105218624638,1.4201437900000018
147.632787,-11.271583437803201,1.4202169000000018
147.632787,-11.27211468933092,1.4202900100000018
147.632787,-11.272645940887742,1.4203631200000018
147.632787,-11.273177192430012,1.4204362300000017
148.370085,-11.277062864071922,1.4209709700000017
148.370085,-11.280948535713833,1.4215057100000017
148.370085,-11.284834207341191,1.4220404500000017
148.370085,-11.28871987896855,1.4225751900000017
148.370085,-11.29260555061046,1.4231099300000016
148.370085,-11.296491222237819,1.4236446700000016
148.370085,-11.300376893865177,1.4241794100000016
148.370085,-11.304262565507088,1.4247141500000016
148.370085,-11.308148237148998,1.4252488900000015
148.370085,-11.312033908776357,1.4257836300000015
148.370085,-11.315919580403715,1.4263183700000015
151.071203,-11.065406549692852,1.4254618400000014
151.071203,-11.071630825579632,1.4246053100000013
151.071203,-11.077855101480964,1.4237487800000013
151.071203,-11.084079377382295,1.4228922500000012
151.071203,-11.090303653269075,1.4220357200000011
151.071203,-11.096527929170406,1.421179190000001
151.071203,-11.102752205057186,1.420322660000001
151.071203,-11.102752205057186,1.420322660000001
152.091018,-9.37151266951696,1.420536530000001
152.091018,-9.373066779182409,1.420750400000001
152.091018,-9.374620888847858,1.4209642700000011
152.091018,-9.376174998513306,1.4211781400000012
152.091018,-9.377729108178755,1.4213920100000013
152.091018,-9.379283217829652,1.4216058800000013
152.091018,-9.380837327509653,1.4218197500000014
152.792148,-11.404642483801581,1.4244399100000014
152.792148,-11.423681792599382,1.4270600700000013
152.792148,-11.44272110138263,1.4296802300000013
152.792148,-11.461760410194984,1.4323003900000013
152.792148,-11.480799718992785,1.4349205500000013
152.792148,-11.499839027776034,1.4375407100000013
152.950067,-11.48783895674569,1.4378676000000012
152.950067,-11.490214292804012,1.4381944900000012
152.950067,-11.492589628847782,1.4385213800000012
152.950067,-11.494964964906103,1.4388482700000012
152.950067,-11.497340300964424,1.4391751600000011
152.950067,-11.499715637022746,1.439502050000001
152.956518,-11.499855952512007,1.4395213600000012
152.956518,-11.499996268030372,1.4395406700000013
152.956518,-11.500136583519634,1.4395599800000014
152.956518,-11.500276899037999,1.4395792900000015
152.956518,-11.500417214556364,1.4395986000000016
152.956518,-11.500557530045626,1.4396179100000017
153.605939,-11.553982848039595,1.4430078600000018
153.605939,-11.578615807826282,1.446397810000002
153.605939,-11.721551374415867,1.4680588900000018
153.605939,-11.760864923126064,1.4714488400000019
153.605939,-11.78549788291275,1.474838790000002
153.605939,-11.875455581743154,1.4872186300000019
153.605939,-12.017982940131333,1.5088797100000018
153.605939,-12.123029436042998,1.5212595500000017
153.605939,-12.212987134873401,1.5336393900000016
153.605939,-12.355050285652396,1.5553004700000015
153.605939,-12.395236250158632,1.5586904200000016
153.605939,-12.41986920995987,1.5620803700000017
153.605939,-12.509826908790274,1.5744602100000016
153.605939,-12.599784607620677,1.5868400500000015
153.605939,-12.741315751816728,1.6085011300000014
153.605939,-12.847358461920521,1.6208809700000013
153.605939,-12.98854919691803,1.6425420500000012
153.605939,-13.145948741599568,1.664203130000001
154.549145,-13.173490473389393,1.6657031300000011
154.549145,-13.178424549812917,1.6663821500000011
154.549145,-13.178424549812917,1.6663821500000011
154.549145,-13.183358626207337,1.667061170000001
154.549145,-13.194258326737327,1.6685611700000011
154.549145,-13.199192403146299,1.6692401900000011
154.549145,-13.210092103661736,1.6707401900000012
154.549145,-13.22099180414807,1.6722401900000012
