time,side,price,size,inventory_after
0.0,buy,90796.61,1.3e-05,1.3e-05
0.0,buy,90797.36,0.00025964,0.00027264
0.166527,buy,90800.71,1.3e-05,0.00028564
0.166527,buy,90800.71,1.3e-05,0.00029864
0.166527,buy,90801.7,0.00052224,0.00082088
0.166527,buy,90801.7,0.00052224,0.00134312
0.166527,buy,90800.71,1.3e-05,0.00135612
0.166527,buy,90801.7,0.00052224,0.00187836
0.166527,buy,90800.71,1.3e-05,0.00189136
0.166527,buy,90801.7,0.00052224,0.0024136
0.16921,buy,90801.7,0.00016053,0.00257413
0.16921,buy,90801.7,0.00016053,0.00273466
0.16921,buy,90801.7,0.00016053,0.0028951899999999997
0.16921,buy,90801.7,0.00016053,0.0030557199999999996
0.485847,buy,90808.91,1.3e-05,0.0030687199999999996
0.485847,buy,90804.81,1.3e-05,0.0030817199999999996
0.485847,buy,90804.81,1.3e-05,0.0030947199999999996
0.485847,buy,90808.91,1.3e-05,0.0031077199999999996
0.485847,buy,90810.58,0.00106455,0.00417227
0.485847,buy,90804.8,1.3e-05,0.00418527
0.485847,buy,90810.57,0.00106455,0.00524982
0.485847,buy,90808.90000000001,1.3e-05,0.00526282
0.485847,buy,90810.57,0.00106455,0.00632737
0.485847,buy,90810.57,0.00106455,0.00739192
0.485847,buy,90808.90000000001,1.3e-05,0.00740492
0.485847,buy,90804.8,1.3e-05,0.00741792
0.807969,buy,90811.74,0.00033665,0.00775457
0.807969,buy,90817.1,1.3e-05,0.00776757
0.807969,buy,90817.1,1.3e-05,0.00778057
0.807969,buy,90821.89,0.00069483,0.0084754
0.807969,buy,90811.74,0.00033665,0.00881205
0.807969,buy,90813.0,1.3e-05,0.008825050000000001
0.807969,buy,90821.2,1.3e-05,0.008838050000000002
0.807969,buy,90813.0,1.3e-05,0.008851050000000003
0.807969,buy,90821.89,0.00069483,0.009545880000000003
0.807969,buy,90821.88,0.00069483,0.010240710000000004
0.807969,buy,90821.88,0.00069483,0.010935540000000004
0.807969,buy,90821.19,1.3e-05,0.010948540000000005
0.807969,buy,90817.09,1.3e-05,0.010961540000000006
0.807969,buy,90817.09,1.3e-05,0.010974540000000007
0.807969,buy,90811.73,0.00033665,0.011311190000000007
0.807969,buy,90821.19,1.3e-05,0.011324190000000008
0.807969,buy,90812.99,1.3e-05,0.01133719000000001
0.807969,buy,90821.19,1.3e-05,0.01135019000000001
1.024389,buy,90822.41,0.00064852,0.01199871000000001
1.024389,buy,90822.41,0.00064852,0.01264723000000001
1.024389,buy,90822.41,0.00064852,0.013295750000000009
1.024389,buy,90822.41,0.00064852,0.013944270000000009
1.971451,buy,90835.19,0.00372068,0.01766495000000001
1.971451,buy,90829.38,1.3e-05,0.017677950000000008
1.971451,buy,90835.18000000001,0.00372068,0.02139863000000001
1.971451,buy,90829.37,1.3e-05,0.021411630000000008
1.971451,buy,90825.27,1.3e-05,0.021424630000000007
1.971451,buy,90835.17,0.00372068,0.025145310000000008
1.971451,buy,90829.36,1.3e-05,0.025158310000000007
1.971451,buy,90835.16,0.00372068,0.028878990000000007
1.971451,buy,90825.26,1.3e-05,0.028891990000000006
1.971451,buy,90825.26,1.3e-05,0.028904990000000005
2.30983,buy,90837.07,0.00027264,0.029177630000000006
2.30983,buy,90837.06,0.00027264,0.029450270000000008
2.30983,buy,90837.06,0.00027264,0.02972291000000001
2.30983,buy,90837.06,0.00027264,0.02999555000000001
2.372005,buy,90837.06,0.00010633,0.03010188000000001
2.372005,buy,90837.06,0.00010633,0.030208210000000013
2.372005,buy,90837.06,0.00010633,0.030314540000000015
2.372005,buy,90837.06,0.00010633,0.030420870000000017
2.55912,buy,90837.02,0.00088814,0.03130901000000002
2.55912,buy,90837.02,0.00088814,0.03219715000000002
2.55912,buy,90837.02,0.00088814,0.033085290000000024
2.647202,sell,90840.92,0.00022666,0.03285863000000003
2.647202,sell,90840.92,0.00022666,0.03263197000000003
2.647202,sell,90840.92,0.00022666,0.032405310000000034
2.647202,sell,90840.92,0.00022666,0.03217865000000004
3.048022,buy,90836.96,0.00163582,0.03381447000000004
3.048022,buy,90836.96,0.00163582,0.035450290000000044
3.048022,buy,90836.95,0.00163582,0.03708611000000005
3.336643,buy,90836.95,0.00545273,0.04253884000000005
3.336643,buy,90836.94,0.00545273,0.04799157000000005
3.336643,buy,90836.93000000001,0.00545273,0.053444300000000056
3.336643,buy,90836.92,0.00545273,0.05889703000000006
3.35156,buy,90836.91,0.00053524,0.05943227000000006
3.35156,buy,90836.90000000001,0.00053524,0.05996751000000006
3.35156,buy,90836.90000000001,0.00053524,0.060502750000000056
3.35156,buy,90836.90000000001,0.00053524,0.061037990000000056
3.781023,buy,90836.90000000001,0.00054527,0.061583260000000056
3.781023,buy,90836.90000000001,0.00054527,0.06212853000000006
3.781023,buy,90836.90000000001,0.00054527,0.06267380000000006
3.781023,buy,90836.90000000001,0.00054527,0.06321907000000006
4.191635,buy,90836.90000000001,0.00040743,0.06362650000000006
4.191635,buy,90836.90000000001,0.00040743,0.06403393000000006
4.191635,buy,90836.90000000001,0.00040743,0.06444136000000006
4.191635,buy,90836.89,0.00040743,0.06484879000000006
4.345697,buy,90836.89,0.00054527,0.06539406000000006
4.345697,buy,90836.89,0.00054527,0.06593933000000006
4.345697,buy,90836.89,0.00054527,0.06648460000000006
4.345697,buy,90836.89,0.00054527,0.06702987000000006
4.359125,buy,90836.89,1.908e-05,0.06704895000000007
4.359125,buy,90836.89,1.908e-05,0.06706803000000007
4.359125,buy,90836.89,1.908e-05,0.06708711000000007
4.359125,buy,90836.89,1.908e-05,0.06710619000000008
6.31745,buy,90836.94,0.00109919,0.06820538000000008
6.31745,buy,90836.94,0.00109919,0.06930457000000008
6.31745,buy,90836.94,0.00109919,0.07040376000000008
6.31745,buy,90836.93000000001,0.00109919,0.07150295000000008
7.011818,buy,90836.88,0.0075,0.07900295000000007
7.011818,buy,90836.87,0.0075,0.08650295000000008
7.011818,buy,90836.85,0.0075,0.09400295000000009
7.011818,buy,90836.84,0.0085,0.10250295000000009
7.011818,buy,90836.82,0.005,0.1075029500000001
7.011818,buy,90836.81,0.0075,0.1150029500000001
7.011818,buy,90836.79000000001,0.0085,0.12350295000000011
7.011818,buy,90836.78,0.005,0.12850295000000012
7.011818,buy,90836.77,0.0085,0.13700295000000012
7.011818,buy,90836.75,0.0085,0.14550295000000013
7.011818,buy,90836.73,0.005,0.15050295000000014
8.720221,sell,90840.69,3.93e-05,0.15046365000000014
8.720221,sell,90840.69,3.93e-05,0.15042435000000015
8.720221,sell,90840.69,3.93e-05,0.15038505000000016
8.720221,sell,90840.69,3.93e-05,0.15034575000000017
10.912695,buy,90836.72,0.00026762,0.15061337000000016
10.912695,buy,90836.72,0.00026762,0.15088099000000016
10.912695,buy,90836.72,0.00026762,0.15114861000000016
10.912695,buy,90836.72,0.00026762,0.15141623000000015
12.34044,buy,90836.77,0.00805958,0.15947581000000016
12.34044,buy,90836.76,0.00805958,0.16753539000000017
12.34044,buy,90836.74,0.00805958,0.17559497000000018
12.355848,buy,90836.72,0.00020881,0.1758037800000002
12.355848,buy,90836.72,0.00020881,0.1760125900000002
12.355848,buy,90836.72,0.00020881,0.1762214000000002
12.355848,buy,90836.72,0.00020881,0.1764302100000002
12.786028,sell,90840.69,0.00090998,0.1755202300000002
12.786028,sell,90840.69,0.00090998,0.1746102500000002
12.786028,sell,90840.69,0.00090998,0.17370027000000018
12.786028,sell,90840.69,0.00090998,0.17279029000000018
12.995194,buy,90836.73,0.00106979,0.17386008000000017
12.995194,buy,90836.73,0.00106979,0.17492987000000015
12.995194,buy,90836.73,0.00106979,0.17599966000000014
12.995194,buy,90836.72,0.00106979,0.17706945000000013
13.210442,sell,90840.65000000001,0.00082169,0.17624776000000011
13.210442,sell,90840.65000000001,0.00082169,0.1754260700000001
13.210442,sell,90840.65000000001,0.00082169,0.1746043800000001
13.210442,sell,90840.65000000001,0.00082169,0.17378269000000007
13.673304,buy,90836.7,0.00050645,0.17428914000000006
13.673304,buy,90836.7,0.00050645,0.17479559000000006
13.673304,buy,90836.7,0.00050645,0.17530204000000005
13.673304,buy,90836.69,0.00050645,0.17580849000000004
13.690034,buy,90836.69,0.01069787,0.18650636000000004
13.690034,buy,90836.67,0.01069787,0.19720423000000004
13.690034,buy,90836.65000000001,0.01069787,0.20790210000000003
13.690034,buy,90836.63,0.01069787,0.21859997000000003
13.932538,sell,90840.56,0.00014925,0.21845072000000004
13.932538,sell,90840.56,0.00014925,0.21830147000000005
13.932538,sell,90840.56,0.00014925,0.21815222000000006
13.932538,sell,90840.56,0.00014925,0.21800297000000007
13.975388,sell,90840.56,5.493e-05,0.21794804000000007
13.975388,sell,90840.56,5.493e-05,0.21789311000000006
13.975388,sell,90840.56,5.493e-05,0.21783818000000005
13.975388,sell,90840.56,5.493e-05,0.21778325000000004
15.363464,buy,90836.63,1.409e-05,0.21779734000000003
15.363464,buy,90836.64,0.0010301,0.21882744000000004
15.363464,buy,90836.63,1.409e-05,0.21884153000000003
15.363464,buy,90836.64,0.0010301,0.21987163000000004
15.363464,buy,90836.64,0.0010301,0.22090173000000005
15.363464,buy,90836.62,1.409e-05,0.22091582000000004
15.363464,buy,90836.63,0.0010301,0.22194592000000005
15.363464,buy,90836.62,1.409e-05,0.22196001000000004
16.772502,buy,90836.59,0.00010633,0.22206634000000003
16.772502,buy,90836.59,0.00010633,0.22217267000000002
16.772502,buy,90836.59,0.00010633,0.222279
17.697363,buy,90836.59,0.00052149,0.22280049000000002
17.697363,buy,90836.59,0.00052149,0.22332198000000003
17.697363,buy,90836.59,0.00052149,0.22384347000000004
17.697363,buy,90836.59,0.00052149,0.22436496000000006
17.989605,buy,90836.59,9.088e-05,0.22445584000000005
17.989605,buy,90836.59,9.088e-05,0.22454672000000003
17.989605,buy,90836.59,9.088e-05,0.22463760000000002
17.989605,buy,90836.59,9.088e-05,0.22472848
18.072041,buy,90836.59,0.00032096,0.22504944000000002
18.072041,buy,90836.59,0.00032096,0.22537040000000003
18.072041,buy,90836.59,0.00032096,0.22569136000000004
18.072041,buy,90836.58,0.00032096,0.22601232000000004
18.874112,buy,90836.58,0.0048195,0.23083182000000005
18.874112,buy,90836.58,0.02336,0.25419182000000007
18.874112,buy,90836.53,0.0048195,0.25901132000000004
18.874112,buy,90837.06,0.01100842,0.27001974000000006
18.874112,buy,90837.04000000001,0.01100842,0.2810281600000001
18.874112,buy,90836.48,0.02336,0.3043881600000001
18.874112,buy,90837.01,1.3e-05,0.30440116000000006
18.874112,buy,90836.47,0.0378902,0.34229136000000004
18.874112,buy,90837.63,0.02988704,0.3721784
18.874112,buy,90836.33,0.0378902,0.4100686
18.874112,buy,90837.5,0.02988704,0.43995564
18.874112,buy,90836.74,1.3e-05,0.43996863999999997
18.874112,buy,90836.74,1.3e-05,0.43998163999999995
18.874112,buy,90836.2,0.0378902,0.47787183999999994
18.874112,buy,90836.66,1.3e-05,0.4778848399999999
18.874112,buy,90836.08,0.0048195,0.4827043399999999
18.874112,buy,90836.08,0.02336,0.5060643399999999
18.874112,buy,90837.31,0.02988704,0.5359513799999999
18.874112,buy,90835.98,0.02336,0.5593113799999999
18.874112,buy,90835.92,0.0048195,0.5641308799999999
18.874112,buy,90836.45,0.01100842,0.5751392999999999
18.874112,buy,90835.93000000001,0.0378902,0.6130294999999999
18.874112,buy,90836.35,0.01100842,0.6240379199999999
19.203877,buy,90836.09,0.0002402,0.6242781199999999
19.203877,buy,90836.09,0.0002402,0.62451832
19.203877,buy,90836.09,0.0002402,0.62475852
19.203877,buy,90836.09,0.0002402,0.62499872
21.028906,buy,90835.8,0.00406521,0.62906393
21.028906,buy,90835.79000000001,0.00406521,0.6331291400000001
21.028906,buy,90835.78,0.00406521,0.6371943500000001
21.028906,buy,90835.78,0.00406521,0.6412595600000002
21.234459,buy,90835.77,2.22e-06,0.6412617800000002
21.234459,buy,90835.77,2.22e-06,0.6412640000000003
21.234459,buy,90835.77,2.22e-06,0.6412662200000003
21.234459,buy,90835.77,2.22e-06,0.6412684400000004
22.170471,buy,90835.77,0.00059084,0.6418592800000004
22.170471,buy,90835.77,0.00059084,0.6424501200000003
22.170471,buy,90835.77,0.00059084,0.6430409600000003
22.170471,buy,90835.77,0.00059084,0.6436318000000003
23.19755,buy,90835.75,0.00093032,0.6445621200000003
23.19755,buy,90835.75,0.00093032,0.6454924400000004
23.19755,buy,90835.75,0.00093032,0.6464227600000004
23.19755,buy,90835.75,0.00093032,0.6473530800000005
23.509704,buy,90835.76,0.00390195,0.6512550300000005
23.509704,buy,90835.75,0.00390195,0.6551569800000006
23.509704,buy,90835.74,0.00390195,0.6590589300000006
23.509704,buy,90835.72,1.363e-05,0.6590725600000006
23.509704,buy,90835.72,1.363e-05,0.6590861900000006
23.509704,buy,90835.72,1.363e-05,0.6590998200000006
23.509704,buy,90835.72,1.363e-05,0.6591134500000005
23.509704,buy,90835.73,0.00390195,0.6630154000000006
26.139824,sell,90839.68000000001,0.00050966,0.6625057400000006
26.139824,sell,90839.67,0.00136178,0.6611439600000006
26.139824,sell,90839.68000000001,0.00050966,0.6606343000000007
26.139824,sell,90839.68000000001,0.00050966,0.6601246400000007
26.139824,sell,90839.68000000001,0.00136178,0.6587628600000007
26.139824,sell,90839.68000000001,0.00136178,0.6574010800000007
26.139824,sell,90839.69,0.00050966,0.6568914200000008
26.139824,sell,90839.68000000001,0.00136178,0.6555296400000008
26.147881,buy,90838.28,0.00010905,0.6556386900000009
26.147881,buy,90838.28,0.00010905,0.6557477400000009
26.147881,buy,90838.28,0.00010905,0.655856790000001
26.147881,buy,90838.28,0.00010905,0.655965840000001
27.101335,sell,90839.68000000001,0.00055,0.655415840000001
27.101335,sell,90839.68000000001,0.00055,0.6548658400000009
27.101335,sell,90839.69,0.00055,0.6543158400000009
27.101335,sell,90839.69,0.00055,0.6537658400000008
27.109789,sell,90839.69,9.653e-05,0.6536693100000008
27.109789,sell,90839.69,0.12206347,0.5316058400000009
27.109789,sell,90839.93000000001,9.653e-05,0.5315093100000009
27.109789,sell,90839.93000000001,0.12206347,0.4094458400000009
27.109789,sell,90840.17,9.653e-05,0.4093493100000009
27.109789,sell,90840.17,0.12206347,0.2872858400000009
27.109789,sell,90840.42,9.653e-05,0.2871893100000009
27.112421,sell,90839.99,0.01099189,0.2761974200000009
27.112421,sell,90840.44,8.11e-06,0.2761893100000009
27.112421,sell,90840.44,8.11e-06,0.2761812000000009
27.112421,sell,90840.01,0.01099189,0.2651893100000009
27.112421,sell,90840.03,0.01099189,0.2541974200000009
27.112421,sell,90840.48,8.11e-06,0.2541893100000009
27.112421,sell,90840.48,8.11e-06,0.2541812000000009
27.112421,sell,90840.05,0.01099189,0.24318931000000088
27.115357,sell,90840.07,1.665e-05,0.24317266000000087
27.115357,sell,90840.07,1.665e-05,0.24315601000000087
27.115357,sell,90840.07,1.665e-05,0.24313936000000086
29.880755,buy,90828.88,0.01069787,0.25383723000000086
29.880755,buy,90828.86,0.01069787,0.26453510000000086
29.880755,buy,90828.84,0.01069787,0.27523297000000085
29.880755,buy,90828.82,0.01069787,0.28593084000000085
29.963238,sell,90832.67,0.00087419,0.28505665000000086
29.963238,sell,90832.67,0.00087419,0.28418246000000086
29.963238,sell,90832.76,0.00022666,0.28395580000000087
29.963238,sell,90832.76,0.00022666,0.2837291400000009
29.963238,sell,90832.67,0.00087419,0.2828549500000009
29.963238,sell,90832.76,0.00022666,0.2826282900000009
29.963238,sell,90832.68000000001,0.00087419,0.2817541000000009
29.963238,sell,90832.77,0.00022666,0.2815274400000009
31.763644,buy,90828.71,1.319e-05,0.2815406300000009
31.763644,buy,90828.71,1.319e-05,0.2815538200000009
31.763644,buy,90828.71,0.00105659,0.2826104100000009
31.763644,buy,90828.71,0.00105659,0.28366700000000095
31.763644,buy,90828.71,0.00105659,0.28472359000000097
31.763644,buy,90828.71,1.319e-05,0.28473678000000097
31.763644,buy,90828.71,1.319e-05,0.28474997000000096
31.763644,buy,90828.71,0.00105659,0.285806560000001
32.147217,buy,90828.71,1.277e-05,0.285819330000001
32.147217,buy,90828.71,1.277e-05,0.285832100000001
32.147217,buy,90830.13,0.0106928,0.296524900000001
32.147217,buy,90830.1,0.0106928,0.307217700000001
32.147217,buy,90830.08,0.0106928,0.317910500000001
32.147217,buy,90828.64,1.277e-05,0.317923270000001
32.147217,buy,90830.06,0.0106928,0.328616070000001
32.147217,buy,90828.62,1.277e-05,0.328628840000001
33.543242,sell,90832.69,1.555e-05,0.328613290000001
33.543242,sell,90832.69,1.555e-05,0.328597740000001
33.543242,sell,90832.69,6.762e-05,0.32853012000000104
33.543242,sell,90832.69,6.762e-05,0.32846250000000105
33.543242,sell,90832.69,1.555e-05,0.32844695000000107
33.543242,sell,90832.69,6.762e-05,0.3283793300000011
33.543242,sell,90832.69,1.555e-05,0.3283637800000011
33.543242,sell,90832.69,6.762e-05,0.3282961600000011
34.59329,sell,90832.61,0.005,0.3232961600000011
34.59329,sell,90832.62,0.00162645,0.3216697100000011
34.59329,sell,90832.63,1.555e-05,0.32165416000000113
34.59329,sell,90832.63,0.00162645,0.32002771000000113
34.59329,sell,90832.63,0.005,0.3150277100000011
34.59329,sell,90832.64,1.555e-05,0.31501216000000115
34.59329,sell,90832.64,0.00162645,0.31338571000000115
34.59329,sell,90832.64,0.01,0.30338571000000114
34.59329,sell,90832.63,0.02397405,0.2794116600000011
34.59329,sell,90832.68000000001,0.00438395,0.2750277100000011
34.59329,sell,90832.72,0.01,0.2650277100000011
34.59329,sell,90832.71,0.00438395,0.26064376000000106
34.59329,sell,90832.72,0.02397405,0.23666971000000106
34.59329,sell,90832.77,0.02397405,0.21269566000000106
34.59329,sell,90832.81,0.00438395,0.20831171000000107
34.59329,sell,90832.82,0.02397405,0.18433766000000107
34.59329,sell,90832.90000000001,0.00162645,0.18271121000000107
34.59329,sell,90832.90000000001,0.005,0.17771121000000106
34.59329,sell,90832.91,0.01,0.16771121000000105
34.59329,sell,90832.93000000001,1.555e-05,0.16769566000000105
34.59329,sell,90832.90000000001,0.00438395,0.16331171000000105
34.59329,sell,90832.94,0.005,0.15831171000000105
34.59329,sell,90832.95,1.555e-05,0.15829616000000105
34.59329,sell,90832.95,0.01,0.14829616000000104
35.363517,sell,90833.2,1.354e-05,0.14828262000000103
35.363517,sell,90833.19,0.00066392,0.14761870000000102
35.363517,sell,90833.2,1.354e-05,0.147605160000001
35.363517,sell,90833.2,1.354e-05,0.147591620000001
35.363517,sell,90833.2,1.354e-05,0.147578080000001
35.363517,sell,90833.19,0.00066392,0.146914160000001
35.363517,sell,90833.2,0.00066392,0.14625024000000098
36.470342,sell,90833.22,0.00443852,0.14181172000000097
36.470342,sell,90833.24,0.0015,0.14031172000000097
36.470342,sell,90832.96,0.01004616,0.13026556000000097
36.470342,sell,90833.26,0.0015,0.12876556000000097
36.470342,sell,90833.26,1.532e-05,0.12875024000000096
36.470342,sell,90833.26,1.532e-05,0.12873492000000095
36.470342,sell,90833.26,0.005,0.12373492000000094
36.470342,sell,90833.27,0.005,0.11873492000000094
36.470342,sell,90833.28,1.532e-05,0.11871960000000094
36.470342,sell,90833.28,0.0015,0.11721960000000094
36.470342,sell,90833.28,0.005,0.11221960000000093
36.470342,sell,90833.29000000001,0.005,0.10721960000000093
36.470342,sell,90833.29000000001,0.00443852,0.10278108000000093
36.470342,sell,90833.31,0.0015,0.10128108000000093
36.470342,sell,90833.31,0.00443852,0.09684256000000092
36.470342,sell,90833.32,1.532e-05,0.09682724000000092
36.470342,sell,90833.04000000001,0.01004616,0.08678108000000093
36.470342,sell,90833.06,0.01004616,0.07673492000000093
36.470342,sell,90833.08,0.01004616,0.06668876000000093
37.915733,buy,90829.44,0.0001273,0.06681606000000093
37.915733,buy,90829.44,0.0001273,0.06694336000000092
37.915733,buy,90829.44,0.0001273,0.06707066000000092
37.915733,buy,90829.44,0.0001273,0.06719796000000092
38.484258,buy,90829.43000000001,3.37e-06,0.06720133000000092
38.484258,buy,90829.43000000001,3.37e-06,0.06720470000000092
38.484258,buy,90829.43000000001,3.37e-06,0.06720807000000092
38.484258,buy,90829.43000000001,3.37e-06,0.06721144000000093
39.536263,buy,90830.66,0.00027459,0.06748603000000093
39.536263,buy,90830.66,0.00027459,0.06776062000000094
39.536263,buy,90830.66,0.00027459,0.06803521000000094
39.536263,buy,90830.66,0.00027459,0.06830980000000095
40.026885,buy,90829.47,0.00031325,0.06862305000000095
40.026885,buy,90829.47,0.00031325,0.06893630000000095
40.026885,buy,90829.47,0.00031325,0.06924955000000095
40.026885,buy,90829.47,0.00031325,0.06956280000000095
40.334571,buy,90829.46,0.0003467,0.06990950000000096
40.334571,buy,90829.46,0.0003467,0.07025620000000096
40.334571,buy,90829.46,0.0003467,0.07060290000000097
40.994327,buy,90829.46,0.00035499,0.07095789000000097
40.994327,buy,90829.46,0.00035499,0.07131288000000097
40.994327,buy,90829.46,0.00035499,0.07166787000000097
40.996754,buy,90829.46,6.267e-05,0.07173054000000097
40.996754,buy,90829.46,6.267e-05,0.07179321000000097
40.996754,buy,90829.46,6.267e-05,0.07185588000000097
40.996754,buy,90829.46,6.267e-05,0.07191855000000097
41.013541,buy,90829.46,0.00139923,0.07331778000000097
41.013541,buy,90829.46,0.00139923,0.07471701000000097
41.013541,buy,90829.45,0.00139923,0.07611624000000097
41.013541,buy,90829.45,0.00139923,0.07751547000000097
42.853556,buy,90829.45,0.00034235,0.07785782000000098
42.853556,buy,90829.45,0.00034235,0.07820017000000098
42.853556,buy,90829.45,0.00034235,0.07854252000000099
42.853556,buy,90829.45,0.00034235,0.078884870000001
45.469401,buy,90829.45,0.00053488,0.079419750000001
45.469401,buy,90829.45,0.00053488,0.079954630000001
45.469401,buy,90829.44,0.00053488,0.080489510000001
45.469401,buy,90829.44,0.00053488,0.081024390000001
46.554143,buy,90829.44,5.466e-05,0.081079050000001
46.554143,buy,90829.44,5.466e-05,0.081133710000001
46.554143,buy,90829.44,5.466e-05,0.081188370000001
46.66152,sell,90833.41,1.347e-05,0.081174900000001
46.66152,sell,90833.41,8.275e-05,0.08109215000000099
46.66152,sell,90833.41,8.275e-05,0.08100940000000098
46.66152,sell,90833.41,1.347e-05,0.08099593000000098
46.66152,sell,90833.41,8.275e-05,0.08091318000000097
46.66152,sell,90833.41,8.275e-05,0.08083043000000097
46.66152,sell,90833.41,1.347e-05,0.08081696000000096
46.820403,buy,90829.44,0.00219294,0.08300990000000097
46.820403,buy,90829.44,0.00219294,0.08520284000000097
46.820403,buy,90829.43000000001,0.00219294,0.08739578000000098
46.820403,buy,90829.43000000001,0.00219294,0.08958872000000098
47.283073,sell,90833.39,4.13e-06,0.08958459000000098
47.283073,sell,90833.39,4.13e-06,0.08958046000000097
47.283073,sell,90833.39,4.13e-06,0.08957633000000097
47.283073,sell,90833.39,4.13e-06,0.08957220000000096
47.38821,sell,90833.39,7.211e-05,0.08950009000000096
47.38821,sell,90833.39,7.211e-05,0.08942798000000096
47.38821,sell,90833.39,7.211e-05,0.08935587000000096
47.38821,sell,90833.39,7.211e-05,0.08928376000000096
48.052793,sell,90833.39,5.406e-05,0.08922970000000097
48.052793,sell,90833.39,5.406e-05,0.08917564000000097
48.052793,sell,90833.39,5.406e-05,0.08912158000000098
48.052793,sell,90833.39,5.406e-05,0.08906752000000098
49.435069,buy,90829.43000000001,0.00055586,0.08962338000000099
49.435069,buy,90829.42,0.00055586,0.09017924000000099
49.435069,buy,90829.42,0.00055586,0.090735100000001
49.435069,buy,90829.42,0.00055586,0.091290960000001
50.176851,buy,90829.42,2.997e-05,0.09132093000000101
50.176851,buy,90829.42,2.997e-05,0.09135090000000101
50.176851,buy,90829.42,2.997e-05,0.09138087000000102
50.176851,buy,90829.42,2.997e-05,0.09141084000000102
50.883879,sell,90833.39,0.00398077,0.08743007000000103
50.883879,sell,90833.39,0.00398077,0.08344930000000103
50.883879,sell,90833.40000000001,0.00398077,0.07946853000000104
50.883879,sell,90833.41,0.00398077,0.07548776000000104
52.185591,buy,90829.45,0.00101636,0.07650412000000104
52.185591,buy,90829.45,0.00101636,0.07752048000000103
52.185591,buy,90829.45,0.00101636,0.07853684000000102
52.4286,sell,90833.41,3.5e-05,0.07850184000000103
52.4286,sell,90833.41,3.5e-05,0.07846684000000104
52.4286,sell,90833.41,3.5e-05,0.07843184000000104
52.4286,sell,90833.41,3.5e-05,0.07839684000000105
52.465614,buy,90829.45,0.00354227,0.08193911000000105
52.465614,buy,90829.44,0.00354227,0.08548138000000105
52.465614,buy,90829.43000000001,0.00354227,0.08902365000000105
52.465614,buy,90829.43000000001,0.00354227,0.09256592000000105
53.45618,buy,90829.42,0.00093985,0.09350577000000106
53.45618,buy,90829.42,0.00093985,0.09444562000000106
53.45618,buy,90829.42,0.00093985,0.09538547000000107
54.169527,buy,90829.41,2.58e-06,0.09538805000000107
54.169527,buy,90829.41,2.58e-06,0.09539063000000107
54.169527,buy,90829.41,2.58e-06,0.09539321000000107
54.169527,buy,90829.41,2.58e-06,0.09539579000000108
54.337604,buy,90829.41,0.00021799,0.09561378000000108
54.337604,buy,90829.41,0.00021799,0.09583177000000108
54.337604,buy,90829.41,0.00021799,0.09604976000000108
54.337604,buy,90829.41,0.00021799,0.09626775000000108
55.469865,buy,90829.41,1.25e-05,0.09628025000000108
55.469865,buy,90829.41,1.25e-05,0.09629275000000108
55.469865,buy,90829.41,1.25e-05,0.09630525000000108
55.469865,buy,90829.41,1.25e-05,0.09631775000000108
55.970455,buy,90829.41,0.00104426,0.09736201000000108
55.970455,buy,90829.41,0.00104426,0.09840627000000109
55.970455,buy,90829.41,0.00104426,0.09945053000000109
55.970455,buy,90829.41,0.00104426,0.1004947900000011
56.817868,buy,90829.40000000001,0.00109647,0.1015912600000011
56.817868,buy,90829.40000000001,0.00109647,0.1026877300000011
56.817868,buy,90829.40000000001,0.00109647,0.1037842000000011
56.817868,buy,90829.40000000001,0.00109647,0.1048806700000011
57.005653,buy,90829.39,0.00024,0.10512067000000111
57.005653,buy,90829.39,0.00024,0.10536067000000111
57.005653,buy,90829.39,0.00024,0.10560067000000112
57.005653,buy,90829.39,0.00024,0.10584067000000112
57.073471,buy,90829.39,0.00037,0.10621067000000112
57.073471,buy,90829.39,0.00037,0.10658067000000111
57.073471,buy,90829.39,0.00037,0.10695067000000111
57.073471,buy,90829.39,0.00037,0.1073206700000011
57.49581,buy,90829.39,0.01069874,0.1180194100000011
57.49581,buy,90829.37,0.01069874,0.1287181500000011
57.49581,buy,90829.35,0.01069874,0.13941689000000113
57.49581,buy,90829.33,0.01069874,0.15011563000000114
57.542917,buy,90829.3,0.00167075,0.15178638000000114
57.542917,buy,90829.3,0.00167075,0.15345713000000114
57.542917,buy,90829.3,0.00167075,0.15512788000000113
57.542917,buy,90829.29000000001,0.00167075,0.15679863000000113
58.216181,buy,90829.29000000001,0.0004702,0.15726883000000114
58.216181,buy,90829.29000000001,0.0004702,0.15773903000000114
58.216181,buy,90829.29000000001,0.0004702,0.15820923000000114
58.216181,buy,90829.29000000001,0.0004702,0.15867943000000115
58.802642,buy,90829.29000000001,0.00010899,0.15878842000000115
58.802642,buy,90829.29000000001,0.00010899,0.15889741000000115
58.802642,buy,90829.29000000001,0.00010899,0.15900640000000116
58.802642,buy,90829.29000000001,0.00010899,0.15911539000000116
58.905776,sell,90833.25,2.856e-05,0.15908683000000115
58.905776,sell,90833.25,0.00035412,0.15873271000000114
58.905776,sell,90833.25,0.00035412,0.15837859000000112
58.905776,sell,90833.25,2.856e-05,0.1583500300000011
58.905776,sell,90833.25,2.856e-05,0.1583214700000011
58.905776,sell,90833.25,0.00035412,0.1579673500000011
58.905776,sell,90833.25,0.00035412,0.15761323000000108
58.905776,sell,90833.25,2.856e-05,0.15758467000000106
59.047901,buy,90829.29000000001,0.00160481,0.15918948000000108
59.047901,buy,90829.29000000001,0.00160481,0.1607942900000011
59.047901,buy,90829.28,0.00160481,0.1623991000000011
59.047901,buy,90829.28,0.00160481,0.1640039100000011
59.575296,buy,90829.28,0.00021799,0.16422190000000111
59.575296,buy,90829.28,0.00021799,0.16443989000000112
59.575296,buy,90829.28,0.00021799,0.16465788000000112
59.575296,buy,90829.28,0.00021799,0.16487587000000112
60.546472,sell,90833.24,0.01667922,0.14819665000000112
60.546472,sell,90833.27,0.01667922,0.13151743000000113
60.546472,sell,90833.31,0.01667922,0.11483821000000113
60.546472,sell,90833.34,0.01667922,0.09815899000000114
60.808163,buy,90829.41,0.00125309,0.09941208000000114
60.808163,buy,90829.41,0.00125309,0.10066517000000114
60.808163,buy,90829.40000000001,0.00125309,0.10191826000000113
60.808163,buy,90829.40000000001,0.00125309,0.10317135000000113
60.878085,buy,90829.40000000001,0.00010899,0.10328034000000114
60.878085,buy,90829.40000000001,0.00010899,0.10338933000000114
60.878085,buy,90829.40000000001,0.00010899,0.10349832000000114
60.878085,buy,90829.40000000001,0.00010899,0.10360731000000115
61.117436,buy,90829.40000000001,0.00026747,0.10387478000000115
61.117436,buy,90829.40000000001,0.00026747,0.10414225000000116
61.117436,buy,90829.40000000001,0.00026747,0.10440972000000116
61.117436,buy,90829.40000000001,0.00026747,0.10467719000000117
61.577882,buy,90829.39,0.00091164,0.10558883000000117
61.577882,buy,90829.39,0.00091164,0.10650047000000118
61.792836,buy,90829.39,5.177e-05,0.10655224000000119
61.792836,buy,90829.39,5.177e-05,0.10660401000000119
61.792836,buy,90829.39,5.177e-05,0.1066557800000012
61.792836,buy,90829.39,5.177e-05,0.1067075500000012
61.818964,buy,90829.39,0.00053494,0.1072424900000012
61.818964,buy,90829.39,0.00053494,0.1077774300000012
61.818964,buy,90829.39,0.00053494,0.1083123700000012
61.818964,buy,90829.39,0.00053494,0.1088473100000012
61.890478,buy,90829.39,0.00163489,0.1104822000000012
61.890478,buy,90829.38,0.00163489,0.1121170900000012
61.890478,buy,90829.38,0.00163489,0.1137519800000012
61.890478,buy,90829.38,0.00163489,0.1153868700000012
62.005906,buy,90829.37,0.00026747,0.1156543400000012
62.005906,buy,90829.37,0.00026747,0.11592181000000121
62.005906,buy,90829.37,0.00026747,0.11618928000000121
62.005906,buy,90829.37,0.00026747,0.11645675000000122
62.086524,buy,90829.37,0.00108993,0.11754668000000122
62.086524,buy,90829.37,0.00108993,0.11863661000000122
62.086524,buy,90829.37,0.00108993,0.11972654000000123
62.086524,buy,90829.37,0.00108993,0.12081647000000123
62.196895,buy,90829.36,5.177e-05,0.12086824000000124
62.196895,buy,90829.36,5.177e-05,0.12092001000000124
62.196895,buy,90829.36,5.177e-05,0.12097178000000125
62.196895,buy,90829.36,5.177e-05,0.12102355000000126
62.215148,buy,90829.36,0.00022,0.12124355000000125
62.215148,buy,90829.36,0.00022,0.12146355000000125
62.215148,buy,90829.36,0.00022,0.12168355000000125
62.372344,sell,90833.33,0.00050809,0.12117546000000125
62.372344,sell,90833.33,1.444e-05,0.12116102000000124
62.372344,sell,90833.33,0.00050809,0.12065293000000124
62.372344,sell,90833.33,0.00050809,0.12014484000000124
62.372344,sell,90833.33,0.00050809,0.11963675000000124
62.372344,sell,90833.33,1.444e-05,0.11962231000000123
62.372344,sell,90833.33,1.444e-05,0.11960787000000123
62.372344,sell,90833.33,1.444e-05,0.11959343000000122
62.459128,buy,90829.37,0.00021799,0.11981142000000122
62.459128,buy,90829.36,0.00021799,0.12002941000000122
62.459128,buy,90829.36,0.00021799,0.12024740000000123
62.459128,buy,90829.36,0.00021799,0.12046539000000123
62.544946,buy,90829.36,0.00032098,0.12078637000000123
62.544946,buy,90829.36,0.00032098,0.12110735000000122
62.544946,buy,90829.36,0.00032098,0.12142833000000122
62.544946,buy,90829.36,0.00032098,0.12174931000000122
62.952787,buy,90829.36,8.17e-06,0.12175748000000122
62.952787,buy,90829.36,8.17e-06,0.12176565000000122
62.952787,buy,90829.36,8.17e-06,0.12177382000000123
62.952787,buy,90829.36,8.17e-06,0.12178199000000123
63.251891,buy,90829.36,3.308e-05,0.12181507000000123
63.251891,buy,90829.36,3.308e-05,0.12184815000000124
63.251891,buy,90829.36,3.308e-05,0.12188123000000124
63.251891,buy,90829.36,3.308e-05,0.12191431000000125
63.425069,buy,90829.36,0.00133734,0.12325165000000125
63.425069,buy,90829.36,0.00133734,0.12458899000000126
63.425069,buy,90829.36,0.00133734,0.12592633000000125
63.501583,buy,90829.35,0.00053494,0.12646127000000126
63.501583,buy,90829.35,0.00053494,0.12699621000000128
63.501583,buy,90829.35,0.00053494,0.1275311500000013
63.501583,buy,90829.35,0.00053494,0.1280660900000013
63.50981,buy,90829.35,0.00053254,0.1285986300000013
63.50981,buy,90829.35,0.00053254,0.1291311700000013
63.50981,buy,90829.35,0.00053254,0.1296637100000013
63.542374,buy,90829.35,5.177e-05,0.1297154800000013
63.542374,buy,90829.35,5.177e-05,0.1297672500000013
63.542374,buy,90829.35,5.177e-05,0.1298190200000013
63.542374,buy,90829.35,5.177e-05,0.12987079000000132
63.614575,buy,90829.34,0.00053494,0.13040573000000133
63.614575,buy,90829.34,0.00053494,0.13094067000000134
63.614575,buy,90829.34,0.00053494,0.13147561000000135
63.614575,buy,90829.34,0.00053494,0.13201055000000136
63.689827,buy,90829.34,0.00054496,0.13255551000000138
63.689827,buy,90829.34,0.00054496,0.1331004700000014
63.689827,buy,90829.34,0.00054496,0.1336454300000014
63.689827,buy,90829.34,0.00054496,0.1341903900000014
63.771247,buy,90829.34,0.00053494,0.13472533000000142
63.771247,buy,90829.34,0.00053494,0.13526027000000143
63.771247,buy,90829.33,0.00053494,0.13579521000000144
63.771247,buy,90829.33,0.00053494,0.13633015000000145
64.315891,buy,90829.33,0.00026747,0.13659762000000145
64.315891,buy,90829.33,0.00026747,0.13686509000000144
64.315891,buy,90829.33,0.00026747,0.13713256000000143
64.315891,buy,90829.33,0.00026747,0.13740003000000142
64.508447,buy,90829.33,1.09e-05,0.13741093000000143
64.508447,buy,90829.33,1.09e-05,0.13742183000000144
64.508447,buy,90829.33,1.09e-05,0.13743273000000145
65.07411,buy,90829.33,0.01089929,0.14833202000000145
65.07411,buy,90829.31,0.01089929,0.15923131000000146
65.07411,buy,90829.29000000001,0.01089929,0.17013060000000146
65.07411,buy,90829.26,0.01089929,0.18102989000000147
65.107258,buy,90829.24,0.00015662,0.18118651000000147
65.107258,buy,90829.24,0.00015662,0.18134313000000146
65.107258,buy,90829.24,0.00015662,0.18149975000000146
65.107258,buy,90829.24,0.00015662,0.18165637000000145
65.220325,buy,90829.24,0.01094773,0.19260410000000144
65.220325,buy,90829.22,0.01094773,0.20355183000000143
65.220325,buy,90830.40000000001,0.00600905,0.20956088000000142
65.220325,buy,90829.64,0.01100933,0.22057021000000143
65.220325,buy,90830.36,0.00600905,0.22657926000000142
65.220325,buy,90830.35,0.00600905,0.2325883100000014
65.220325,buy,90829.59,0.01100933,0.24359764000000142
65.220325,buy,90829.12,0.01094773,0.25454537000000144
65.220325,buy,90830.3,0.00600905,0.26055442000000145
65.220325,buy,90829.2,0.05504686,0.3156012800000014
65.220325,buy,90829.09,0.05504686,0.37064814000000146
65.220325,buy,90828.98,0.05504686,0.4256950000000015
65.220325,buy,90828.76,0.01094773,0.4366427300000015
65.220325,buy,90829.19,0.01100933,0.44765206000000146
65.220325,buy,90829.16,0.01100933,0.45866139000000145
65.220325,buy,90828.8,0.05504686,0.5137082500000014
65.89041,buy,90829.78,0.00054496,0.5142532100000015
65.89041,buy,90829.78,0.00054496,0.5147981700000015
65.89041,buy,90829.78,0.00054496,0.5153431300000015
65.89041,buy,90829.78,0.00054496,0.5158880900000016
65.965819,buy,90829.78,0.00108993,0.5169780200000016
65.965819,buy,90829.78,0.00108993,0.5180679500000016
65.965819,buy,90829.77,0.00108993,0.5191578800000016
65.965819,buy,90829.77,0.00108993,0.5202478100000016
66.177169,buy,90829.77,0.00021,0.5204578100000017
66.177169,buy,90829.77,0.00021,0.5206678100000017
66.177169,buy,90829.77,0.00021,0.5208778100000018
66.177169,buy,90829.77,0.00021,0.5210878100000018
66.656677,buy,90829.77,5.177e-05,0.5211395800000018
66.656677,buy,90829.77,5.177e-05,0.5211913500000018
66.656677,buy,90829.77,5.177e-05,0.5212431200000018
66.656677,buy,90829.77,5.177e-05,0.5212948900000018
66.740433,buy,90829.77,0.00020709,0.5215019800000018
66.740433,buy,90829.77,0.00020709,0.5217090700000018
66.740433,buy,90829.77,0.00020709,0.5219161600000017
66.740433,buy,90829.77,0.00020709,0.5221232500000017
66.79191,buy,90829.77,5.45e-05,0.5221777500000017
66.79191,buy,90829.77,5.45e-05,0.5222322500000016
66.79191,buy,90829.77,5.45e-05,0.5222867500000016
66.80841,sell,90833.73,0.00077836,0.5215083900000016
66.80841,sell,90833.73,0.00077836,0.5207300300000016
66.80841,sell,90833.73,0.00077836,0.5199516700000016
66.80841,sell,90833.73,0.00077836,0.5191733100000017
67.076291,buy,90829.77,0.00267469,0.5218480000000016
67.076291,buy,90829.77,0.00267469,0.5245226900000016
67.076291,buy,90829.76,0.00267469,0.5271973800000016
68.035008,sell,90837.81,1.075e-05,0.5271866300000017
68.035008,sell,90837.81,1.075e-05,0.5271758800000017
68.035008,sell,90837.81,1.075e-05,0.5271651300000018
68.035008,sell,90837.81,1.075e-05,0.5271543800000018
68.042311,buy,90833.85,0.00272482,0.5298792000000018
68.042311,buy,90833.84,0.00272482,0.5326040200000017
68.042311,buy,90833.83,0.00272482,0.5353288400000017
68.042311,buy,90833.83,0.00272482,0.5380536600000017
68.651429,buy,90835.48,1.293e-05,0.5380665900000017
68.651429,buy,90835.49,8.13e-06,0.5380747200000017
68.651429,buy,90835.49,8.13e-06,0.5380828500000017
68.651429,buy,90835.48,1.293e-05,0.5380957800000017
68.651429,buy,90835.48,1.293e-05,0.5381087100000017
68.651429,buy,90835.49,8.13e-06,0.5381168400000017
68.651429,buy,90835.48,1.293e-05,0.5381297700000017
68.794609,sell,90839.46,0.00066184,0.5374679300000017
68.794609,sell,90839.46,0.00066184,0.5368060900000017
68.794609,sell,90839.46,0.00066184,0.5361442500000017
69.013852,sell,90839.46,2.42e-06,0.5361418300000017
69.013852,sell,90839.46,2.42e-06,0.5361394100000018
69.013852,sell,90839.46,2.42e-06,0.5361369900000018
69.044891,sell,90839.46,0.00055047,0.5355865200000018
69.044891,sell,90839.46,0.00055047,0.5350360500000019
69.044891,sell,90839.46,0.00055047,0.5344855800000019
69.044891,sell,90839.46,0.00055047,0.5339351100000019
69.889211,buy,90835.5,0.00334161,0.5372767200000019
69.889211,buy,90835.5,0.00334161,0.5406183300000019
69.889211,buy,90835.49,0.00334161,0.5439599400000019
70.534187,buy,90835.48,1.1e-07,0.5439600500000019
70.534187,buy,90835.48,1.1e-07,0.5439601600000019
70.534187,buy,90835.48,1.1e-07,0.5439602700000019
70.534187,buy,90835.48,1.1e-07,0.5439603800000019
71.023689,sell,90839.45,0.09,0.45396038000000194
71.023689,sell,90839.62,0.09,0.36396038000000197
71.023689,sell,90839.8,0.09,0.273960380000002
71.023689,sell,90839.98,0.09,0.183960380000002
72.336043,sell,90840.16,1.224e-05,0.183948140000002
72.336043,sell,90840.16,1.224e-05,0.183935900000002
72.336043,sell,90840.16,1.224e-05,0.18392366000000201
72.336043,sell,90840.16,1.224e-05,0.18391142000000202
73.946013,buy,90836.2,0.00036545,0.184276870000002
73.946013,buy,90836.2,0.00036545,0.184642320000002
73.946013,buy,90836.2,0.00036545,0.185007770000002
73.946013,buy,90836.2,0.00036545,0.18537322000000198
74.032001,buy,90836.19,0.00481444,0.19018766000000198
74.032001,buy,90836.19,0.00481444,0.19500210000000198
74.032001,buy,90836.18000000001,0.00481444,0.19981654000000199
76.248779,buy,90836.17,0.00034104,0.20015758000000197
76.248779,buy,90836.17,0.00034104,0.20049862000000196
76.248779,buy,90836.16,0.00034104,0.20083966000000195
76.248779,buy,90836.16,0.00034104,0.20118070000000193
82.292303,buy,90836.16,5.387e-05,0.20123457000000194
82.292303,buy,90836.16,5.387e-05,0.20128844000000196
82.292303,buy,90836.16,5.387e-05,0.20134231000000197
82.292303,buy,90836.16,5.387e-05,0.20139618000000198
82.500299,buy,90836.16,0.00026745,0.20166363000000198
82.500299,buy,90836.16,0.00026745,0.20193108000000198
82.500299,buy,90836.16,0.00026745,0.20219853000000199
82.500299,buy,90836.16,0.00026745,0.202465980000002
82.515365,buy,90836.16,5.449e-05,0.20252047000000198
82.515365,buy,90836.16,5.449e-05,0.20257496000000197
82.515365,buy,90836.16,5.449e-05,0.20262945000000196
82.515365,buy,90836.16,5.449e-05,0.20268394000000195
82.989594,buy,90836.16,0.00106979,0.20375373000000194
82.989594,buy,90836.16,0.00106979,0.20482352000000192
82.989594,buy,90836.16,0.00106979,0.2058933100000019
82.989594,buy,90836.15000000001,0.00106979,0.2069631000000019
84.113872,buy,90836.15000000001,0.00021797,0.2071810700000019
84.113872,buy,90836.15000000001,0.00021797,0.20739904000000192
84.113872,buy,90836.15000000001,0.00021797,0.20761701000000193
84.117616,sell,90840.11,0.00140278,0.20621423000000194
84.117616,sell,90840.12,0.00140278,0.20481145000000195
84.117616,sell,90840.12,0.00140278,0.20340867000000196
84.117616,sell,90840.12,0.00140278,0.20200589000000196
84.305755,sell,90840.13,0.00035704,0.20164885000000196
84.305755,sell,90840.13,0.00035704,0.20129181000000196
84.305755,sell,90840.13,0.00035704,0.20093477000000196
84.305755,sell,90840.13,0.00035704,0.20057773000000195
84.429243,buy,90836.16,0.01872126,0.21929899000000194
84.429243,buy,90836.13,0.01872126,0.23802025000000193
84.429243,buy,90836.09,0.01872126,0.25674151000000195
84.429243,buy,90836.05,0.01872126,0.27546277000000197
88.848118,buy,90836.02,0.00014431,0.27560708000000195
88.848118,buy,90836.02,0.00014431,0.27575139000000193
88.848118,buy,90836.02,0.00014431,0.2758957000000019
88.848118,buy,90836.01,0.00014431,0.2760400100000019
88.903077,buy,90836.01,0.0003743,0.2764143100000019
88.903077,buy,90836.01,0.0003743,0.2767886100000019
88.903077,buy,90836.01,0.0003743,0.27716291000000187
88.903077,buy,90836.01,0.0003743,0.27753721000000187
90.563958,buy,90836.01,0.00010441,0.27764162000000187
90.563958,buy,90836.01,0.00010441,0.27774603000000186
90.563958,buy,90836.01,0.00010441,0.27785044000000186
90.563958,buy,90836.01,0.00010441,0.27795485000000186
92.642228,buy,90836.01,0.00524194,0.28319679000000186
92.642228,buy,90836.0,0.00524194,0.28843873000000186
92.642228,buy,90835.99,0.00524194,0.29368067000000186
92.642228,buy,90835.98,0.00524194,0.29892261000000186
92.87105,buy,90835.97,5.449e-05,0.2989771000000019
92.87105,buy,90835.97,5.449e-05,0.2990315900000019
92.87105,buy,90835.97,5.449e-05,0.2990860800000019
92.87105,buy,90835.97,5.449e-05,0.29914057000000194
93.067499,sell,90839.93000000001,3.888e-05,0.2991016900000019
93.067499,sell,90839.93000000001,3.888e-05,0.2990628100000019
93.067499,sell,90839.93000000001,3.888e-05,0.2990239300000019
93.067499,sell,90839.93000000001,0.00758365,0.2914402800000019
93.067499,sell,90839.95,0.00758365,0.2838566300000019
93.067499,sell,90839.96,0.00758365,0.2762729800000019
93.067499,sell,90839.98,3.888e-05,0.27623410000000187
93.067499,sell,90839.98,0.00758365,0.2686504500000019
93.401165,buy,90836.03,0.00021928,0.26886973000000186
93.401165,buy,90836.03,0.00021928,0.26908901000000185
93.401165,buy,90836.03,0.00021928,0.26930829000000184
93.401165,buy,90836.03,0.00021928,0.2695275700000018
93.80894,buy,90836.03,0.00040324,0.26993081000000185
93.80894,buy,90836.03,0.00040324,0.2703340500000019
93.80894,buy,90836.03,0.00040324,0.2707372900000019
93.929583,sell,90839.99,0.00027521,0.2704620800000019
93.929583,sell,90839.99,0.00027521,0.27018687000000186
93.929583,sell,90839.99,0.00027521,0.26991166000000183
93.929583,sell,90839.99,0.00027521,0.2696364500000018
95.447015,buy,90836.03,0.00104418,0.2706806300000018
95.447015,buy,90836.03,0.00104418,0.2717248100000018
95.447015,buy,90836.02,0.00104418,0.2727689900000018
95.447015,buy,90836.02,0.00104418,0.2738131700000018
95.596634,buy,90836.02,0.00017344,0.27398661000000185
95.596634,buy,90836.02,0.00017344,0.2741600500000019
95.596634,buy,90836.02,0.00017344,0.2743334900000019
95.596634,buy,90836.02,0.00017344,0.2745069300000019
95.695338,buy,90836.02,0.00104418,0.27555111000000193
95.695338,buy,90836.02,0.00104418,0.27659529000000194
95.695338,buy,90836.01,0.00104418,0.27763947000000194
95.695338,buy,90836.01,0.00104418,0.27868365000000195
97.036644,buy,90836.01,0.00014615,0.27882980000000196
97.036644,buy,90836.01,0.00014615,0.27897595000000197
97.036644,buy,90836.01,0.00014615,0.279122100000002
97.036644,buy,90836.01,0.00014615,0.279268250000002
97.680939,buy,90836.01,0.00095248,0.28022073000000197
97.680939,buy,90836.01,0.00029921,0.28051994000000197
97.680939,buy,90836.01,0.00029921,0.28081915000000196
97.680939,buy,90836.0,0.00095248,0.28177163000000194
97.680939,buy,90836.0,0.00095248,0.2827241100000019
97.680939,buy,90836.0,0.00029921,0.2830233200000019
97.680939,buy,90836.0,0.00095248,0.2839758000000019
97.680939,buy,90836.0,0.00029921,0.2842750100000019
97.691496,buy,90836.0,0.011,0.2952750100000019
97.691496,buy,90835.98,0.011,0.3062750100000019
97.691496,buy,90835.95,0.011,0.3172750100000019
97.691496,buy,90835.93000000001,0.011,0.3282750100000019
98.643015,buy,90835.92,0.00125332,0.3295283300000019
98.643015,buy,90835.92,0.00125332,0.3307816500000019
98.643015,buy,90835.92,0.00125332,0.3320349700000019
98.643015,buy,90835.91,0.00125332,0.33328829000000193
98.805347,buy,90835.91,5.449e-05,0.33334278000000195
98.805347,buy,90835.91,5.449e-05,0.33339727000000197
98.805347,buy,90835.91,5.449e-05,0.333451760000002
98.805347,buy,90835.91,5.449e-05,0.333506250000002
101.461049,buy,90835.91,0.00054492,0.334051170000002
101.461049,buy,90835.91,0.00054492,0.334596090000002
101.461049,buy,90835.91,0.00054492,0.335141010000002
101.461049,buy,90835.91,0.00054492,0.335685930000002
102.211851,buy,90835.91,0.0005349,0.336220830000002
102.211851,buy,90835.90000000001,0.0005349,0.33675573000000203
102.211851,buy,90835.90000000001,0.0005349,0.33729063000000203
102.320037,buy,90835.90000000001,0.00140961,0.33870024000000204
102.320037,buy,90835.90000000001,0.00140961,0.34010985000000205
102.91336,buy,90835.90000000001,0.00447294,0.344582790000002
102.91336,buy,90835.89,0.00447294,0.349055730000002
102.91336,buy,90835.88,0.00447294,0.353528670000002
102.91336,buy,90835.87,0.00447294,0.35800161000000197
103.013099,buy,90835.86,1.213e-05,0.35801374000000197
103.013099,buy,90835.86,1.213e-05,0.35802587000000197
103.013099,buy,90835.86,1.213e-05,0.35803800000000197
103.013099,buy,90835.86,1.213e-05,0.35805013000000196
103.35887,buy,90835.86,0.00427917,0.36232930000000196
103.35887,buy,90835.85,0.00427917,0.36660847000000196
103.35887,buy,90835.84,0.00427917,0.37088764000000196
103.35887,buy,90835.84,0.00427917,0.37516681000000196
103.621889,buy,90835.83,0.00190359,0.37707040000000197
103.621889,buy,90835.82,0.00190359,0.378973990000002
103.621889,buy,90835.82,0.00190359,0.380877580000002
103.621889,buy,90835.82,0.00190359,0.382781170000002
103.860902,buy,90835.81,0.03105478,0.413835950000002
103.860902,buy,90835.75,0.03105478,0.444890730000002
103.860902,buy,90835.69,0.03105478,0.475945510000002
103.860902,buy,90835.63,0.03105478,0.507000290000002
105.347447,sell,90839.53,0.0015,0.5055002900000021
105.347447,sell,90839.53,0.0015,0.5040002900000021
105.347447,sell,90839.54000000001,0.00401484,0.4999854500000021
105.347447,sell,90839.54000000001,0.00401484,0.4959706100000021
105.347447,sell,90839.55,0.0015,0.4944706100000021
105.347447,sell,90839.55,0.00401484,0.49045577000000207
105.347447,sell,90839.56,0.0015,0.48895577000000207
105.347447,sell,90839.57,0.00401484,0.48494093000000205
109.196449,sell,90839.57,0.0048423,0.480098630000002
109.196449,sell,90839.58,0.0048423,0.475256330000002
109.196449,sell,90839.59,0.0048423,0.470414030000002
109.196449,sell,90839.6,0.0048423,0.46557173000000196
110.835968,sell,90839.61,0.00099077,0.464580960000002
110.835968,sell,90839.61,0.00099077,0.463590190000002
110.835968,sell,90839.62,0.00099077,0.46259942000000204
110.835968,sell,90839.62,0.00099077,0.46160865000000206
112.69278,buy,90835.66,0.00375899,0.4653676400000021
112.69278,buy,90835.65000000001,0.00375899,0.4691266300000021
112.69278,buy,90835.64,0.00375899,0.4728856200000021
114.326446,sell,90839.6,0.00055043,0.4723351900000021
114.326446,sell,90839.6,0.00055043,0.47178476000000213
114.326446,sell,90839.6,0.00055043,0.47123433000000214
114.326446,sell,90839.6,0.00055043,0.47068390000000215
116.901434,buy,90835.64,0.0026104,0.47329430000000217
116.901434,buy,90835.63,0.0026104,0.4759047000000022
116.901434,buy,90835.63,0.0026104,0.4785151000000022
116.901434,buy,90835.62,0.0026104,0.4811255000000022
117.011038,buy,90835.62,8.28e-06,0.48113378000000223
117.011038,buy,90835.62,8.28e-06,0.48114206000000226
117.011038,buy,90835.62,8.28e-06,0.4811503400000023
117.011038,buy,90835.62,8.28e-06,0.4811586200000023
118.134575,buy,90835.62,7.297e-05,0.4812315900000023
118.134575,buy,90835.62,7.297e-05,0.4813045600000023
118.134575,buy,90835.62,7.297e-05,0.48137753000000233
118.134575,buy,90835.62,7.297e-05,0.48145050000000233
118.534813,buy,90835.62,0.00104418,0.48249468000000234
118.534813,buy,90835.61,0.00104418,0.48353886000000235
118.534813,buy,90835.61,0.00104418,0.48458304000000235
118.534813,buy,90835.61,0.00104418,0.48562722000000236
119.091669,sell,90839.57,0.00333559,0.48229163000000236
119.091669,sell,90839.58,0.00333559,0.47895604000000236
119.091669,sell,90839.59,0.00333559,0.47562045000000236
119.091669,sell,90839.59,0.00333559,0.47228486000000236
120.191408,buy,90835.63,5.351e-05,0.47233837000000234
120.191408,buy,90835.63,5.351e-05,0.4723918800000023
120.191408,buy,90835.63,5.351e-05,0.4724453900000023
120.219761,buy,90835.63,5.711e-05,0.4725025000000023
120.219761,buy,90835.63,5.711e-05,0.47255961000000235
120.625954,buy,90835.63,2.4e-06,0.47256201000000236
120.625954,buy,90835.63,2.4e-06,0.4725644100000024
120.625954,buy,90835.63,2.4e-06,0.4725668100000024
120.625954,buy,90835.63,2.4e-06,0.4725692100000024
120.672756,buy,90835.63,0.00313254,0.4757017500000024
120.672756,buy,90835.63,0.00313254,0.47883429000000244
120.672756,buy,90835.62,0.00313254,0.48196683000000246
120.672756,buy,90835.62,0.00313254,0.48509937000000247
121.278474,buy,90835.61,0.00106979,0.4861691600000025
121.278474,buy,90835.61,0.00106979,0.4872389500000025
121.278474,buy,90835.6,0.00106979,0.4883087400000025
121.278474,buy,90835.6,0.00106979,0.48937853000000253
122.119442,buy,90835.6,0.00027246,0.4896509900000025
122.119442,buy,90835.6,0.00027246,0.4899234500000025
122.119442,buy,90835.6,0.00027246,0.49019591000000245
122.119442,buy,90835.6,0.00027246,0.49046837000000243
122.461369,buy,90835.6,0.00032695,0.4907953200000024
122.461369,buy,90835.6,0.00032695,0.4911222700000024
122.461369,buy,90835.6,0.00032695,0.4914492200000024
122.461369,buy,90835.6,0.00032695,0.4917761700000024
122.547878,buy,90835.6,0.01953051,0.5113066800000023
122.547878,buy,90835.56,0.00302191,0.5143285900000023
122.547878,buy,90835.55,0.00302191,0.5173505000000023
122.547878,buy,90835.54000000001,0.00302191,0.5203724100000022
122.547878,buy,90835.54000000001,0.01953051,0.5399029200000023
122.547878,buy,90835.5,0.00302191,0.5429248300000022
122.547878,buy,90835.49,0.01953051,0.5624553400000023
122.547878,buy,90835.46,0.01953051,0.5819858500000024
123.47511,buy,90836.46,1.3e-05,0.5819988500000024
123.47511,buy,90842.67,0.00023044,0.5822292900000025
123.47511,buy,90842.67,0.00023044,0.5824597300000025
123.47511,buy,90840.01,1.101e-05,0.5824707400000025
123.47511,buy,90840.01,1.101e-05,0.5824817500000026
123.47511,buy,90840.56,1.3e-05,0.5824947500000026
123.47511,buy,90836.46,1.3e-05,0.5825077500000027
123.47511,buy,90840.01,1.101e-05,0.5825187600000027
123.47511,buy,90842.67,0.00023044,0.5827492000000027
123.47511,buy,90840.56,1.3e-05,0.5827622000000028
123.47511,buy,90840.0,1.101e-05,0.5827732100000028
123.47511,buy,90836.45,1.3e-05,0.5827862100000029
123.47511,buy,90836.45,1.3e-05,0.5827992100000029
123.47511,buy,90842.66,0.00023044,0.583029650000003
123.47511,buy,90840.55,1.3e-05,0.583042650000003
123.47511,buy,90840.55,1.3e-05,0.583055650000003
123.70943,buy,90843.09,1.09e-05,0.5830665500000031
123.70943,buy,90843.09,1.09e-05,0.5830774500000031
123.70943,buy,90843.09,1.09e-05,0.5830883500000031
123.70943,buy,90843.09,1.09e-05,0.5830992500000032
123.845968,buy,90843.09,0.00021576,0.5833150100000032
123.845968,buy,90843.09,0.00021576,0.5835307700000032
123.845968,buy,90844.61,0.00030628,0.5838370500000032
123.845968,buy,90843.09,0.00021576,0.5840528100000032
123.845968,buy,90844.61,0.00030628,0.5843590900000032
123.845968,buy,90844.61,0.00030628,0.5846653700000032
123.845968,buy,90843.09,0.00021576,0.5848811300000032
123.845968,buy,90844.61,0.00030628,0.5851874100000032
124.045443,buy,90844.61,0.00010626,0.5852936700000032
124.045443,buy,90844.61,0.00010626,0.5853999300000032
124.045443,buy,90844.61,0.00010626,0.5855061900000033
124.045443,buy,90844.61,0.00010626,0.5856124500000033
124.299021,buy,90844.65000000001,1.3e-05,0.5856254500000033
124.299021,buy,90846.02,0.00020497,0.5858304200000033
124.299021,buy,90846.02,0.00020497,0.5860353900000033
124.299021,buy,90846.02,0.00020497,0.5862403600000032
124.299021,buy,90844.65000000001,1.3e-05,0.5862533600000033
124.299021,buy,90844.65000000001,1.3e-05,0.5862663600000033
124.362259,buy,90846.02,7.87e-06,0.5862742300000033
124.362259,buy,90846.02,7.87e-06,0.5862821000000034
124.362259,buy,90846.02,7.87e-06,0.5862899700000034
124.362259,buy,90846.02,7.87e-06,0.5862978400000034
124.736386,buy,90846.85,0.00015661,0.5864544500000034
124.736386,buy,90846.85,0.00015661,0.5866110600000034
124.736386,buy,90846.85,0.00015661,0.5867676700000034
124.736386,buy,90846.85,0.00015661,0.5869242800000034
124.799799,buy,90846.85,0.00010898,0.5870332600000034
124.799799,buy,90846.85,0.00010898,0.5871422400000035
124.799799,buy,90846.85,0.00010898,0.5872512200000035
124.799799,buy,90846.85,0.00010898,0.5873602000000036
125.27513,buy,90846.85,0.04973441,0.6370946100000036
125.27513,buy,90846.75,0.04973441,0.6868290200000036
125.27513,buy,90846.65000000001,0.04973441,0.7365634300000036
125.27513,buy,90846.55,0.04973441,0.7862978400000036
125.498618,sell,90852.31,0.00052861,0.7857692300000035
125.498618,sell,90852.32,0.00052861,0.7852406200000035
125.498618,sell,90852.32,0.00052861,0.7847120100000035
125.498618,sell,90852.32,0.00052861,0.7841834000000034
125.57887,buy,90848.35,1.3e-05,0.7841964000000035
125.57887,buy,90848.35,1.3e-05,0.7842094000000035
125.57887,buy,90848.35,1.3e-05,0.7842224000000035
125.57887,buy,90848.35,1.3e-05,0.7842354000000036
125.57887,buy,90851.34,0.00105679,0.7852921900000036
125.57887,buy,90851.34,0.00105679,0.7863489800000036
125.57887,buy,90851.34,0.00105679,0.7874057700000037
126.509996,buy,90851.34,0.00021797,0.7876237400000037
126.509996,buy,90851.34,0.00021797,0.7878417100000037
126.509996,buy,90851.34,0.00021797,0.7880596800000037
126.509996,buy,90851.34,0.00021797,0.7882776500000037
126.677255,buy,90851.34,0.00313254,0.7914101900000037
126.677255,buy,90851.33,0.00313254,0.7945427300000036
126.677255,buy,90851.32,0.00313254,0.7976752700000036
126.677255,buy,90851.32,0.00313254,0.8008078100000036
126.911483,buy,90851.31,5.177e-05,0.8008595800000036
126.911483,buy,90851.31,5.177e-05,0.8009113500000036
126.911483,buy,90851.31,5.177e-05,0.8009631200000036
126.911483,buy,90851.31,5.177e-05,0.8010148900000036
127.265817,buy,90851.31,0.00025,0.8012648900000036
127.265817,buy,90851.31,0.00025,0.8015148900000035
127.265817,buy,90851.31,0.00025,0.8017648900000035
127.265817,buy,90851.31,0.00025,0.8020148900000035
129.034587,sell,90855.27,0.00064933,0.8013655600000035
129.034587,sell,90855.27,0.00064933,0.8007162300000035
129.034587,sell,90855.28,0.00064933,0.8000669000000035
129.034587,sell,90855.28,0.00064933,0.7994175700000035
129.369257,buy,90851.31,0.00267448,0.8020920500000035
129.369257,buy,90851.31,0.00267448,0.8047665300000035
129.369257,buy,90851.3,0.00267448,0.8074410100000036
129.369257,buy,90851.3,0.00267448,0.8101154900000036
131.325089,sell,90855.26,5.492e-05,0.8100605700000036
131.325089,sell,90855.26,5.492e-05,0.8100056500000037
131.325089,sell,90855.26,5.492e-05,0.8099507300000037
132.988515,buy,90851.29000000001,0.00108985,0.8110405800000037
132.988515,buy,90851.29000000001,0.00108985,0.8121304300000036
132.988515,buy,90851.29000000001,0.00108985,0.8132202800000036
134.145241,buy,90851.29000000001,0.00047945,0.8136997300000036
134.145241,buy,90851.29000000001,0.00047945,0.8141791800000037
134.145241,buy,90851.29000000001,0.00047945,0.8146586300000037
134.85763,buy,90852.39,1.3e-05,0.8146716300000038
134.85763,buy,90851.73,0.01100651,0.8256781400000037
134.85763,buy,90852.37,1.3e-05,0.8256911400000038
134.85763,buy,90851.71,0.01100651,0.8366976500000037
134.85763,buy,90852.35,1.3e-05,0.8367106500000038
134.85763,buy,90851.24,7.712e-05,0.8367877700000038
134.85763,buy,90851.24,7.712e-05,0.8368648900000039
134.85763,buy,90851.24,7.712e-05,0.8369420100000039
137.399978,buy,90856.47,0.00034341,0.8372854200000039
137.399978,buy,90856.47,0.00034341,0.837628830000004
137.399978,buy,90856.47,0.00034341,0.837972240000004
137.399978,buy,90856.45,1.3e-05,0.8379852400000041
137.399978,buy,90856.45,1.3e-05,0.8379982400000041
137.399978,buy,90856.45,1.3e-05,0.8380112400000042
138.155487,buy,90858.25,0.00022666,0.8382379000000042
138.155487,buy,90859.37,0.0286157,0.8668536000000042
138.155487,buy,90858.21,0.02335411,0.8902077100000042
138.155487,buy,90858.16,0.02335411,0.9135618200000042
138.155487,buy,90858.1,0.00022666,0.9137884800000042
138.155487,buy,90859.22,0.0286157,0.9424041800000043
138.753331,sell,90864.3,7.18e-06,0.9423970000000043
138.753331,sell,90864.3,7.18e-06,0.9423898200000043
138.753331,sell,90864.3,7.18e-06,0.9423826400000043
140.500083,sell,90864.3,2.664e-05,0.9423560000000043
140.500083,sell,90864.3,2.664e-05,0.9423293600000043
142.021068,buy,90862.63,9.139e-05,0.9424207500000044
142.021068,buy,90860.34,1.3e-05,0.9424337500000044
142.021068,buy,90862.63,9.139e-05,0.9425251400000044
142.021068,buy,90862.63,9.139e-05,0.9426165300000044
142.021068,buy,90860.34,1.3e-05,0.9426295300000045
142.021068,buy,90862.63,9.139e-05,0.9427209200000045
142.027854,buy,90861.79000000001,0.00108753,0.9438084500000045
142.027854,buy,90861.79000000001,0.00108753,0.9448959800000044
142.027854,buy,90861.79000000001,0.00108753,0.9459835100000044
142.027854,buy,90861.78,0.00108753,0.9470710400000043
142.027854,buy,90861.78,0.00108753,0.9481585700000043
142.027854,buy,90861.78,0.00108753,0.9492461000000042
142.1706,buy,90861.36,0.02335326,0.9725993600000042
142.1706,buy,90861.31,0.02335326,0.9959526200000043
142.1706,buy,90862.52,0.03924191,1.0351945300000043
142.1706,buy,90862.45,0.03924191,1.0744364400000044
142.1706,buy,90861.1,0.00572541,1.0801618500000043
142.1706,buy,90861.1,0.02335326,1.1035151100000042
142.1706,buy,90861.05,0.02335326,1.1268683700000042
142.1706,buy,90862.26,0.03924191,1.1661102800000043
142.1706,buy,90862.19,0.03924191,1.2053521900000044
142.1706,buy,90860.85,0.02335326,1.2287054500000043
142.1706,buy,90862.06,0.03924191,1.2679473600000044
142.1706,buy,90861.98,0.03924191,1.3071892700000045
142.1706,buy,90860.64,0.00572541,1.3129146800000044
142.1706,buy,90860.62,0.00572541,1.3186400900000044
142.1706,buy,90861.88,0.03924191,1.3578820000000045
142.1706,buy,90860.53,0.00572541,1.3636074100000044
142.1706,buy,90860.52,0.00572541,1.3693328200000043
142.1706,buy,90861.78,0.03924191,1.4085747300000044
142.1706,buy,90860.43000000001,0.00572541,1.4143001400000044
142.1706,buy,90860.42,0.00572541,1.4200255500000043
142.1706,buy,90860.42,0.02335326,1.4433788100000042
142.1706,buy,90861.63,0.03924191,1.4826207200000043
142.1706,buy,90861.56,0.03924191,1.5218626300000044
142.1706,buy,90861.48,0.03924191,1.5611045400000045
142.1706,buy,90860.14,0.02335326,1.5844578000000045
142.1706,buy,90860.09,0.02335326,1.6078110600000044
142.1706,buy,90860.05,0.02335326,1.6311643200000043
144.197171,buy,90861.28,0.00027241,1.6314367300000043
144.197171,buy,90861.28,0.00027241,1.6317091400000043
144.197171,buy,90861.28,0.00027241,1.6319815500000043
144.197171,buy,90861.28,0.00027241,1.6322539600000043
144.197171,buy,90861.28,0.00027241,1.6325263700000043
144.197171,buy,90861.28,0.00027241,1.6327987800000043
144.197171,buy,90861.28,0.00027241,1.6330711900000043
144.197171,buy,90861.28,0.00027241,1.6333436000000043
144.197171,buy,90861.28,0.00027241,1.6336160100000043
144.197171,buy,90861.28,0.00027241,1.6338884200000043
144.197171,buy,90861.28,0.00027241,1.6341608300000043
144.197171,buy,90861.28,0.00027241,1.6344332400000043
145.37413,sell,90865.23,0.00253342,1.6318998200000043
145.37413,sell,90865.23,0.00253342,1.6293664000000043
145.37413,sell,90865.24,0.00253342,1.6268329800000043
145.37413,sell,90865.24,0.00253342,1.6242995600000043
145.37413,sell,90865.25,0.00253342,1.6217661400000043
145.37413,sell,90865.25,0.00253342,1.6192327200000043
145.37413,sell,90865.26,0.00253342,1.6166993000000043
145.37413,sell,90865.26,0.00253342,1.6141658800000043
145.37413,sell,90865.27,0.00253342,1.6116324600000043
145.37413,sell,90865.27,0.00253342,1.6090990400000043
145.37413,sell,90865.28,0.00253342,1.6065656200000042
145.37413,sell,90865.28,0.00253342,1.6040322000000042
147.274948,buy,90861.34,0.00130743,1.6053396300000042
147.274948,buy,90861.33,0.00130743,1.6066470600000042
147.274948,buy,90861.33,0.00130743,1.6079544900000042
147.274948,buy,90861.33,0.00130743,1.6092619200000042
147.274948,buy,90861.33,0.00130743,1.6105693500000042
147.274948,buy,90861.32,0.00130743,1.6118767800000042
147.274948,buy,90861.32,0.00130743,1.6131842100000042
147.274948,buy,90861.32,0.00130743,1.6144916400000042
147.274948,buy,90861.31,0.00130743,1.6157990700000042
147.274948,buy,90861.31,0.00130743,1.6171065000000042
147.274948,buy,90861.31,0.00130743,1.6184139300000042
147.274948,buy,90861.31,0.00130743,1.6197213600000042
147.632787,buy,90861.3,7.311e-05,1.6197944700000042
147.632787,buy,90861.3,7.311e-05,1.6198675800000042
147.632787,buy,90861.3,7.311e-05,1.6199406900000042
147.632787,buy,90861.3,7.311e-05,1.6200138000000042
147.632787,buy,90861.3,7.311e-05,1.6200869100000042
147.632787,buy,90861.3,7.311e-05,1.6201600200000041
147.632787,buy,90861.3,7.311e-05,1.6202331300000041
147.632787,buy,90861.3,7.311e-05,1.6203062400000041
147.632787,buy,90861.3,7.311e-05,1.620379350000004
147.632787,buy,90861.3,7.311e-05,1.620452460000004
147.632787,buy,90861.3,7.311e-05,1.620525570000004
147.632787,buy,90861.3,7.311e-05,1.620598680000004
148.370085,buy,90861.3,0.00053474,1.621133420000004
148.370085,buy,90861.3,0.00053474,1.621668160000004
148.370085,buy,90861.3,0.00053474,1.622202900000004
148.370085,buy,90861.3,0.00053474,1.622737640000004
148.370085,buy,90861.3,0.00053474,1.623272380000004
148.370085,buy,90861.3,0.00053474,1.623807120000004
148.370085,buy,90861.3,0.00053474,1.624341860000004
148.370085,buy,90861.3,0.00053474,1.624876600000004
148.370085,buy,90861.29000000001,0.00053474,1.6254113400000039
148.370085,buy,90861.29000000001,0.00053474,1.6259460800000038
151.071203,sell,90865.45,0.00085653,1.6250895500000038
151.071203,sell,90865.45,0.00085653,1.6242330200000037
151.071203,sell,90865.45,0.00085653,1.6233764900000036
151.071203,sell,90865.45,0.00085653,1.6225199600000035
151.071203,sell,90865.45,0.00085653,1.6216634300000035
151.071203,sell,90865.45,0.00085653,1.6208069000000034
151.071203,sell,90865.46,0.00085653,1.6199503700000033
152.091018,buy,90862.7,0.00021387,1.6201642400000034
152.091018,buy,90862.7,0.00021387,1.6203781100000034
152.091018,buy,90862.7,0.00021387,1.6205919800000035
152.091018,buy,90862.7,0.00021387,1.6208058500000035
152.091018,buy,90862.7,0.00021387,1.6210197200000036
152.091018,buy,90862.7,0.00021387,1.6212335900000037
152.091018,buy,90862.7,0.00021387,1.6214474600000037
152.792148,buy,90861.29000000001,0.00262016,1.6240676200000037
152.792148,buy,90861.29000000001,0.00262016,1.6266877800000037
152.792148,buy,90861.28,0.00262016,1.6293079400000037
152.792148,buy,90861.28,0.00262016,1.6319281000000037
152.792148,buy,90861.27,0.00262016,1.6345482600000036
152.950067,buy,90861.28,0.00032689,1.6348751500000036
152.950067,buy,90861.27,0.00032689,1.6352020400000036
152.950067,buy,90861.27,0.00032689,1.6355289300000035
152.950067,buy,90861.27,0.00032689,1.6358558200000035
152.950067,buy,90861.27,0.00032689,1.6361827100000035
152.950067,buy,90861.27,0.00032689,1.6365096000000035
152.956518,buy,90861.27,1.931e-05,1.6365289100000036
152.956518,buy,90861.27,1.931e-05,1.6365482200000037
152.956518,buy,90861.27,1.931e-05,1.6365675300000038
152.956518,buy,90861.27,1.931e-05,1.6365868400000039
152.956518,buy,90861.27,1.931e-05,1.636606150000004
152.956518,buy,90861.27,1.931e-05,1.636625460000004
153.605939,buy,90861.25,0.00338995,1.6400154100000042
153.605939,buy,90861.24,0.00338995,1.6434053600000043
153.605939,buy,90861.25,0.02166108,1.6650664400000044
153.605939,buy,90861.19,0.00338995,1.6684563900000045
153.605939,buy,90861.19,0.00338995,1.6718463400000045
153.605939,buy,90861.18000000001,0.01237984,1.6842261800000045
153.605939,buy,90861.16,0.01237984,1.6966060200000044
153.605939,buy,90861.13,0.01237984,1.7089858600000043
153.605939,buy,90861.12,0.02166108,1.7306469400000042
153.605939,buy,90861.06,0.00338995,1.7340368900000043
153.605939,buy,90861.06,0.01237984,1.7464167300000042
153.605939,buy,90861.03,0.01237984,1.7587965700000041
153.605939,buy,90861.02,0.02166108,1.7804576500000042
153.605939,buy,90860.97,0.01237984,1.7928374900000041
153.605939,buy,90860.95,0.02166108,1.814498570000004
153.605939,buy,90860.91,0.02166108,1.836159650000004
154.549145,buy,90860.85,0.0015,1.837659650000004
154.549145,buy,90860.85,0.00067902,1.838338670000004
154.549145,buy,90860.85,0.00067902,1.839017690000004
154.549145,buy,90860.85,0.00067902,1.839696710000004
154.549145,buy,90860.85,0.0015,1.841196710000004
154.549145,buy,90860.84,0.00067902,1.841875730000004
154.549145,buy,90860.84,0.0015,1.843375730000004
154.549145,buy,90860.84,0.0015,1.844875730000004
